PhotoID,Individual ID,Pop,H2S,Cave,SL,logMass,logSL,Palp SA,X1,Y1,X2,Y2,X3,Y3,X4,Y4,X5,Y5,X6,Y6,X7,Y7,X8,Y8,X9,Y9,X10,Y10,X11,Y11,X12,Y12,X13,Y13,X14,Y14,X15,Y15,X16,Y16,X17,Y17,X18,Y18,X19,Y19,X20,Y20,X21,Y21,X22,Y22,X23,Y23,X24,Y24,X25,Y25,X26,Y26,X27,Y27,X28,Y28,X29,Y29,aX1,aY1,aX2,aY2,aX3,aY3,aX4,aY4,aX5,aY5,aX6,aY6,aX7,aY7,aX8,aY8,aX9,aY9,aX10,aY10,aX11,aY11,aX12,aY12,aX13,aY13,aX14,aY14,aX15,aY15,aX16,aY16,aX17,aY17,aX18,aY18,aX19,aY19,aX20,aY20,aX21,aY21,aX22,aY22,aX23,aY23,aX24,aY24,aX25,aY25,aX26,aY26,aX27,aY27,aX28,aY28,aX29,aY29
Specimen 72,Luna7,Luna,Nonsulfidic,Cave,21,-0.958607315,1.322219295,0.550338783,79.0238837,74.8701973,100,62.82450675,120.2492212,49.32502596,136.8639668,29.90654206,146.4174455,21.59916926,145.0674974,23.46832814,142.2637591,29.2834891,152.4402908,8.307372793,138.317757,16.51090343,132.2949117,11.63032191,134.6832814,17.34164071,129.1796469,12.25337487,127.1028037,12.56490135,103.7383178,19.83385254,81.82762201,30.63343718,57.42471443,36.86396677,68.22429907,55.9709242,126.4797508,28.34890966,128.0373832,31.36033229,122.9491173,35.92938733,122.1183801,30.63343718,123.1568017,34.16407061,116.7185877,40.80996885,116.5109034,33.54101765,117.3416407,35.92938733,112.2533749,42.47144341,110.0726895,35.92938733,111.6303219,38.94080997,107.165109,45.69055036,,,,,,,,,,,,,,,,,,,,,,,,,,,,,,,,,,,,,,,,,,,,,,,,,,,,,,,,,,
Specimen 71,Luna6,Luna,Nonsulfidic,Cave,22,-0.886056648,1.342422681,0.599108891,97.71547248,112.98027,119.9376947,100.9345794,139.7715472,85.35825545,156.1786085,64.48598131,164.5898235,56.07476636,163.5514019,58.87850467,161.2668744,65.10903427,170.9241952,41.01765317,157.2170301,48.39044652,153.4787124,44.0290758,154.7248183,49.7403946,148.8058152,44.23676012,142.9906542,44.85981308,118.8992731,54.10176532,95.53478712,64.07061267,72.2741433,74.76635514,86.81204569,96.67705088,149.5327103,61.26687435,150.8826584,63.65524403,147.4558671,68.95119418,145.1713396,64.07061267,146.5212876,66.66666667,141.4330218,73.52024922,140.1869159,66.77050883,141.4330218,69.47040498,137.4870197,76.9470405,134.9948079,69.47040498,135.8255452,71.96261682,132.6064382,80.37383178,,,,,,,,,,,,,,,,,,,,,,,,,,,,,,,,,,,,,,,,,,,,,,,,,,,,,,,,,,
Specimen 74,Luna9,Luna,Nonsulfidic,Cave,22,-0.823908741,1.342422681,0.445625408,89.20041537,77.36240914,110.6957425,67.28971963,131.5680166,56.28245067,149.7403946,38.94080997,159.086189,31.04880582,158.0477674,33.43717549,156.3862928,38.21391485,166.251298,18.38006231,151.1941848,24.81827622,148.8058152,19.31464174,147.8712357,25.33748702,143.8213915,18.69158879,140.3946002,18.8992731,116.0955348,23.88369678,93.04257529,29.17964694,68.43198339,33.74870197,80.37383178,58.46313603,142.7829699,35.09865005,144.2367601,37.79854621,139.0446521,43.40602285,138.317757,37.07165109,139.4600208,40.39460021,134.0602285,46.31360332,133.2294912,39.46002077,134.2679128,42.26375909,128.2450675,49.84423676,127.6220145,41.12149533,128.4527518,44.13291796,124.4029076,51.60955348,,,,,,,,,,,,,,,,,,,,,,,,,,,,,,,,,,,,,,,,,,,,,,,,,,,,,,,,,,
Specimen 80,Luna15,Luna,Nonsulfidic,Cave,22,-0.823908741,1.342422681,1.325923553,78.19314642,79.0238837,103.9460021,69.26272066,129.6988577,59.08618899,152.6479751,41.43302181,164.4859813,32.19106957,163.5514019,34.16407061,159.9169263,39.35617861,174.2471443,20.35306334,156.490135,24.6105919,152.0249221,19.00311526,153.3748702,24.92211838,147.3520249,18.48390447,144.132918,18.48390447,116.5109034,22.63759086,89.09657321,29.2834891,61.99376947,35.41017653,70.50882658,58.46313603,146.8328141,35.51401869,147.7673936,38.31775701,141.2253375,43.92523364,141.7445483,37.07165109,142.1599169,40.70612669,137.2793354,45.5867082,136.2409138,38.62928349,136.6562825,41.64070613,132.0872274,47.97507788,130.4257529,39.77154725,131.2564901,42.88681205,126.3759086,50.2596054,,,,,,,,,,,,,,,,,,,,,,,,,,,,,,,,,,,,,,,,,,,,,,,,,,,,,,,,,,
Specimen 75,Luna10,Luna,Nonsulfidic,Cave,22,-0.769551079,1.342422681,0.803464202,75.28556594,76.32398754,95.63862928,65.93977155,114.5379024,53.894081,130.1142264,35.51401869,138.5254413,26.89511942,137.7985462,28.86812046,134.9948079,34.16407061,144.0290758,14.43406023,131.4641745,21.28764278,127.6220145,17.03011423,129.4911734,22.84527518,124.7144341,17.65316719,120.0415369,18.17237799,98.33852544,24.81827622,76.9470405,32.91796469,55.55555556,41.22533749,65.21287643,58.25545171,121.7030114,32.91796469,123.4683281,35.41017653,119.1069574,41.43302181,117.8608515,34.89096573,119.1069574,37.17549325,115.6801661,43.71754933,113.6033229,37.17549325,114.7455867,39.25233645,111.7341641,46.6251298,109.0342679,39.25233645,110.0726895,41.43302181,106.7497404,49.2211838,,,,,,,,,,,,,,,,,,,,,,,,,,,,,,,,,,,,,,,,,,,,,,,,,,,,,,,,,,
Specimen 65,ElAz032,EA,Sulfidic,Surface,23,-0.744727495,1.361727836,0.625153507,116.7305236,84.41890166,137.5478927,72.15836526,160.0255428,59.5146871,178.5440613,40.86845466,189.1443167,30.26819923,187.7394636,31.80076628,186.3346105,36.27075351,196.1685824,19.79565773,180.0766284,24.39335888,176.1174968,18.3908046,177.5223499,24.39335888,172.7969349,19.15708812,167.1775223,18.90166028,142.1455939,24.5210728,118.3908046,32.31162197,94.25287356,39.8467433,106.1302682,63.98467433,172.4137931,35.63218391,173.4355045,37.4201788,168.5823755,43.03959132,168.3269476,36.90932312,168.8378033,38.82503193,164.49553,46.10472542,163.7292465,38.18646232,164.49553,40.4853129,161.1749681,47.2541507,158.4929757,40.74074074,160.1532567,42.91187739,156.0664112,50.3192848,-3.53E-01,2.00E-01,-2.03E-01,1.61E-01,-4.16E-02,1.23E-01,1.06E-01,4.12E-02,1.90E-01,-5.31E-03,1.78E-01,1.64E-03,1.62E-01,2.67E-02,2.52E-01,-5.74E-02,1.44E-01,-5.76E-02,1.31E-01,-1.02E-01,1.29E-01,-6.22E-02,1.09E-01,-1.03E-01,7.47E-02,-1.14E-01,-8.96E-02,-1.24E-01,-2.50E-01,-1.19E-01,-4.12E-01,-1.15E-01,-3.82E-01,5.49E-02,7.72E-02,-2.00E-03,8.03E-02,1.08E-02,4.04E-02,3.68E-02,4.98E-02,-1.40E-03,4.95E-02,1.13E-02,9.80E-03,4.85E-02,1.92E-02,-1.70E-03,1.98E-02,1.38E-02,-1.27E-02,4.96E-02,-1.77E-02,4.73E-03,-1.13E-02,2.11E-02,-4.96E-02,5.94E-02
Specimen 3,Cueva003,Cueva,Sulfidic,Cave,25,-0.721246399,1.397940009,0.63690357,111.4942529,90.93231162,132.311622,79.43805875,150.8301405,64.75095785,167.4329502,45.84929757,176.1174968,34.3550447,175.734355,37.16475096,174.9680715,42.01787995,181.4814815,23.49936143,168.8378033,28.8633461,166.5389527,25.54278416,165.3895275,30.01277139,162.4521073,25.67049808,154.5338442,26.69220945,131.8007663,34.48275862,109.0676884,44.82758621,87.22860792,53.76756066,100.6385696,74.8403576,163.7292465,39.33588761,164.6232439,40.99616858,161.4303959,46.87100894,159.642401,41.89016603,160.5363985,43.80587484,157.5989783,50.57471264,155.3001277,44.57215837,156.5772669,46.6155811,154.1507024,51.72413793,150.8301405,47.38186462,151.596424,49.04214559,147.7650064,57.59897829,-3.61E-01,1.82E-01,-2.04E-01,1.62E-01,-5.28E-02,1.16E-01,9.66E-02,4.00E-02,1.79E-01,-9.75E-03,1.69E-01,6.70E-03,1.53E-01,3.49E-02,2.39E-01,-6.38E-02,1.47E-01,-6.17E-02,1.41E-01,-8.80E-02,1.23E-01,-6.31E-02,1.15E-01,-9.72E-02,6.39E-02,-1.10E-01,-9.61E-02,-1.18E-01,-2.62E-01,-1.10E-01,-4.20E-01,-1.09E-01,-3.89E-01,5.50E-02,8.97E-02,-9.42E-03,9.12E-02,3.08E-03,5.69E-02,3.16E-02,5.81E-02,-3.67E-03,5.89E-02,1.04E-02,2.40E-02,4.51E-02,2.46E-02,2.24E-03,2.75E-02,1.80E-02,-1.68E-04,4.37E-02,-1.00E-02,8.62E-03,-9.36E-03,2.08E-02,-5.42E-02,6.44E-02
Specimen 66,Luna1,Luna,Nonsulfidic,Cave,25,-0.677780705,1.397940009,0.385069901,105.3639847,110.7279693,130.3959132,97.5734355,154.916986,83.39719029,175.6066411,61.81353768,186.3346105,51.08556833,184.9297573,52.7458493,182.8863346,58.8761175,194.1251596,37.16475096,180.8429119,42.91187739,177.6500639,38.44189017,177.6500639,43.80587484,174.3295019,38.18646232,163.4738186,38.82503193,134.8659004,45.72158365,107.9182631,55.04469987,81.73690932,66.2835249,94.25287356,90.1660281,168.3269476,56.70498084,169.4763729,59.89782886,166.5389527,63.47381865,163.6015326,59.25925926,165.3895275,62.45210728,160.4086845,69.60408685,159.1315453,62.45210728,159.7701149,65.38952746,155.8109834,73.05236271,153.1289911,64.87867178,154.2784163,67.94380587,150.1915709,76.62835249,,,,,,,,,,,,,,,,,,,,,,,,,,,,,,,,,,,,,,,,,,,,,,,,,,,,,,,,,,
Specimen 77,Luna12,Luna,Nonsulfidic,Cave,25,-0.677780705,1.397940009,0.405197604,70.62579821,106.1302682,102.2988506,90.1660281,133.7164751,73.69093231,160.6641124,49.04214559,175.734355,34.48275862,174.4572158,36.90932312,169.0932312,44.06130268,184.4189017,17.87994891,166.2835249,26.05363985,160.4086845,18.90166028,162.3243934,26.94763729,155.4278416,19.28480204,145.7215837,20.05108557,111.238825,30.52362708,77.01149425,41.37931034,42.27330779,51.08556833,58.8761175,83.26947637,155.4278416,40.22988506,156.7049808,43.03959132,150.5747126,50.3192848,149.936143,42.65644955,150.9578544,46.10472542,144.5721584,56.70498084,143.8058748,45.33844189,144.6998723,48.53128991,139.7190294,57.98212005,136.5261814,47.76500639,137.8033206,51.08556833,133.844189,61.17496807,,,,,,,,,,,,,,,,,,,,,,,,,,,,,,,,,,,,,,,,,,,,,,,,,,,,,,,,,,
Specimen 78,Luna13,Luna,Nonsulfidic,Cave,26,-0.677780705,1.414973348,0.435205872,77.67393562,85.15057113,105.815161,72.68951194,134.2679128,60.33229491,159.086189,39.87538941,173.5202492,25.54517134,172.1703011,28.14122534,168.847352,33.43717549,181.4122534,12.66874351,162.305296,18.79543094,156.5939772,12.66874351,158.2554517,19.52232606,152.5441329,12.56490135,147.1443406,12.66874351,116.6147456,19.31464174,86.08515057,27.41433022,55.14018692,34.57943925,67.70508827,62.51298027,153.5825545,31.04880582,155.2440291,34.78712357,149.7403946,39.87538941,149.0134995,32.91796469,150.1557632,35.92938733,144.5482866,42.88681205,143.509865,34.57943925,144.5482866,38.42159917,139.6677051,45.5867082,138.0062305,36.76012461,138.94081,39.56386293,133.3333333,47.97507788,,,,,,,,,,,,,,,,,,,,,,,,,,,,,,,,,,,,,,,,,,,,,,,,,,,,,,,,,,
Specimen 37,ArBo016,Bonita,Nonsulfidic,Surface,24,-0.677780705,1.380211242,0.324630384,123.4993614,77.26692209,143.550447,66.15581098,164.6232439,55.42784163,184.0357599,41.37931034,194.8914432,31.80076628,194.2528736,32.82247765,192.5925926,39.33588761,201.0217114,20.30651341,190.8045977,21.83908046,189.1443167,16.98595147,188.5057471,21.96679438,185.6960409,16.34738186,172.2860792,14.94252874,150.8301405,21.58365262,128.4802043,29.37420179,106.1302682,36.01532567,115.3256705,57.34355045,180.8429119,33.33333333,181.6091954,35.75989783,176.3729246,40.86845466,177.9054917,34.48275862,178.2886335,36.39846743,171.7752235,43.42273308,173.5632184,35.37675607,174.201788,38.31417625,168.7100894,44.95530013,169.2209451,37.03703704,169.7318008,39.08045977,165.1340996,46.74329502,-3.57E-01,1.97E-01,-2.11E-01,1.54E-01,-5.80E-02,1.14E-01,8.85E-02,5.09E-02,1.73E-01,4.32E-03,1.67E-01,1.01E-02,1.47E-01,5.00E-02,2.29E-01,-6.16E-02,1.61E-01,-6.63E-02,1.57E-01,-1.00E-01,1.45E-01,-6.88E-02,1.35E-01,-1.09E-01,5.02E-02,-1.38E-01,-9.89E-02,-1.26E-01,-2.56E-01,-1.07E-01,-4.10E-01,-9.63E-02,-3.81E-01,5.57E-02,7.93E-02,-5.94E-03,8.08E-02,1.09E-02,3.94E-02,3.66E-02,5.85E-02,-2.70E-03,5.82E-02,1.03E-02,5.79E-03,4.66E-02,2.90E-02,-3.14E-03,2.89E-02,1.69E-02,-1.64E-02,5.21E-02,-1.68E-03,1.39E-03,-1.30E-03,1.54E-02,-4.22E-02,5.86E-02
Specimen 63,ElAz029,EA,Sulfidic,Surface,24,-0.677780705,1.380211242,0.421216946,106.51341,89.78288633,129.6296296,78.16091954,151.9795658,65.26181354,171.9029374,46.36015326,181.8646232,35.50446999,181.0983397,37.93103448,179.3103448,42.14559387,189.0166028,23.75478927,174.9680715,28.99106003,171.2643678,24.5210728,172.541507,29.37420179,167.0498084,24.90421456,160.9195402,25.41507024,135.50447,31.67305236,110.6002554,39.8467433,85.56832695,47.76500639,96.55172414,70.11494253,166.6666667,40.61302682,168.4546616,42.52873563,162.835249,48.14814815,162.835249,42.14559387,163.7292465,44.31673052,158.109834,51.08556833,157.5989783,43.93358876,158.8761175,46.23243934,154.5338442,53.76756066,153.3844189,46.36015326,153.7675607,48.78671775,149.6807152,55.17241379,-3.64E-01,1.86E-01,-2.06E-01,1.56E-01,-4.93E-02,1.18E-01,1.03E-01,3.85E-02,1.81E-01,-9.42E-03,1.73E-01,3.81E-03,1.55E-01,2.60E-02,2.45E-01,-6.76E-02,1.51E-01,-6.04E-02,1.37E-01,-9.36E-02,1.36E-01,-6.23E-02,1.11E-01,-9.86E-02,7.31E-02,-1.06E-01,-9.02E-02,-1.12E-01,-2.54E-01,-1.06E-01,-4.18E-01,-1.02E-01,-3.90E-01,5.10E-02,8.13E-02,-5.01E-03,8.87E-02,9.57E-03,4.53E-02,3.36E-02,5.57E-02,-2.43E-03,5.73E-02,1.21E-02,1.19E-02,4.31E-02,2.12E-02,-7.41E-04,2.49E-02,1.53E-02,-1.42E-02,5.30E-02,-8.30E-03,6.54E-03,-1.02E-02,2.18E-02,-4.57E-02,5.30E-02
Specimen 79,Luna14,Luna,Nonsulfidic,Cave,23,-0.657577319,1.361727836,0.559595196,87.22741433,80.0623053,111.9418484,68.95119418,135.3063344,57.42471443,156.9055036,38.83696781,170.3011423,25.33748702,167.8089304,27.93354102,164.7975078,34.16407061,175.4932503,13.91484943,162.8245067,18.8992731,159.9169263,13.08411215,160.2284528,18.8992731,154.7248183,12.87642783,144.8598131,13.39563863,117.9646937,19.62616822,91.79646937,26.99896158,66.87435099,36.86396677,77.67393562,59.81308411,152.6479751,30.3219107,153.5825545,33.22949117,148.701973,38.42159917,147.7673936,32.29491173,148.4942887,35.92938733,142.886812,42.78296989,141.9522326,34.16407061,143.1983385,37.59086189,138.0062305,45.48286604,135.6178609,36.24091381,136.344756,39.25233645,132.6064382,47.6635514,,,,,,,,,,,,,,,,,,,,,,,,,,,,,,,,,,,,,,,,,,,,,,,,,,,,,,,,,,
Specimen 12,Cueva014,Cueva,Sulfidic,Cave,26,-0.638272164,1.414973348,0.399139512,138.1864623,91.18773946,155.1724138,76.37292465,172.541507,63.47381865,185.440613,42.52873563,192.5925926,34.48275862,192.5925926,35.88761175,191.0600255,41.50702427,197.9565773,21.71136654,183.7803321,27.33077905,180.715198,23.75478927,181.3537676,28.2247765,177.2669221,24.13793103,172.6692209,23.24393359,151.4687101,31.67305236,131.5453384,42.01787995,111.1111111,51.72413793,124.5210728,71.26436782,180.9706258,39.46360153,181.4814815,40.4853129,178.9272031,45.21072797,177.6500639,40.99616858,178.4163474,42.52873563,173.8186462,48.91443167,173.8186462,43.03959132,174.5849298,44.95530013,170.6257982,51.72413793,170.1149425,44.95530013,171.1366539,46.99872286,167.5606641,54.02298851,-3.50E-01,2.16E-01,-1.95E-01,1.68E-01,-4.30E-02,1.35E-01,1.03E-01,3.55E-02,1.74E-01,3.68E-03,1.70E-01,1.29E-02,1.43E-01,4.53E-02,2.47E-01,-6.44E-02,1.37E-01,-6.93E-02,1.28E-01,-1.02E-01,1.19E-01,-7.05E-02,1.04E-01,-1.09E-01,7.65E-02,-1.29E-01,-8.76E-02,-1.36E-01,-2.49E-01,-1.27E-01,-4.12E-01,-1.23E-01,-3.81E-01,4.45E-02,8.32E-02,2.12E-03,8.35E-02,1.04E-02,5.28E-02,3.39E-02,5.68E-02,2.40E-03,5.73E-02,1.47E-02,8.31E-03,4.31E-02,2.56E-02,4.52E-03,2.50E-02,1.94E-02,-2.09E-02,5.21E-02,-4.37E-03,6.18E-03,-3.69E-03,2.26E-02,-4.79E-02,5.82E-02
Specimen 15,Cueva017,Cueva,Sulfidic,Cave,27,-0.638272164,1.431363764,0.844276474,130.1404853,89.27203065,148.403576,75.09578544,166.2835249,61.04725415,179.9489144,40.35759898,186.4623244,30.651341,186.7177522,32.56704981,187.100894,36.7816092,193.1034483,19.28480204,180.3320562,24.64878672,177.7777778,21.20051086,178.2886335,26.18135377,173.6909323,21.96679438,167.3052363,22.98850575,145.3384419,31.2899106,124.7765006,42.01787995,104.853129,53.12899106,117.4968072,71.7752235,173.9463602,36.7816092,174.9680715,39.33588761,171.9029374,43.67816092,169.9872286,39.08045977,171.6475096,41.50702427,168.1992337,48.14814815,166.2835249,41.50702427,167.5606641,43.67816092,165.5172414,50.44699872,162.1966794,43.67816092,163.4738186,45.72158365,161.4303959,53.51213282,-3.55E-01,1.98E-01,-1.97E-01,1.62E-01,-4.23E-02,1.25E-01,1.05E-01,3.33E-02,1.75E-01,-9.33E-03,1.71E-01,3.60E-03,1.61E-01,3.15E-02,2.51E-01,-6.21E-02,1.54E-01,-6.54E-02,1.47E-01,-9.49E-02,1.36E-01,-6.17E-02,1.19E-01,-1.02E-01,7.56E-02,-1.14E-01,-8.83E-02,-1.26E-01,-2.51E-01,-1.18E-01,-4.10E-01,-1.05E-01,-3.84E-01,5.01E-02,7.75E-02,-7.01E-03,7.65E-02,1.22E-02,4.43E-02,3.09E-02,4.56E-02,-3.99E-03,4.90E-02,1.63E-02,7.63E-03,4.84E-02,1.49E-02,5.86E-04,1.67E-02,1.81E-02,-1.62E-02,5.52E-02,-1.74E-02,2.42E-03,-1.53E-02,1.92E-02,-5.11E-02,6.27E-02
Specimen 70,Luna5,Luna,Nonsulfidic,Cave,26,-0.638272164,1.414973348,0.876471256,81.1007269,85.25441329,109.3457944,73.3125649,137.7985462,59.60539979,163.2398754,38.52544133,177.1547248,24.29906542,176.1163032,26.47975078,172.5856698,32.19106957,187.3312565,11.42263759,169.7819315,17.65316719,165.2128764,11.83800623,166.7705088,17.96469367,160.7476636,11.83800623,152.3364486,13.08411215,120.768432,19.52232606,90.13499481,28.55659398,60.22845275,36.55244029,70.61266874,61.26687435,159.3977155,29.49117342,159.086189,33.22949117,155.0363448,37.59086189,154.517134,31.15264798,155.3478712,34.89096573,149.8442368,40.39460021,149.8442368,33.54101765,150.3634476,36.34475597,144.4444444,43.40602285,143.509865,35.72170301,144.132918,39.25233645,138.5254413,46.6251298,,,,,,,,,,,,,,,,,,,,,,,,,,,,,,,,,,,,,,,,,,,,,,,,,,,,,,,,,,
Specimen 9,Cueva011,Cueva,Sulfidic,Cave,26,-0.619788758,1.414973348,0.386497626,125.798212,96.2962963,143.9335888,80.33205619,162.5798212,63.72924649,177.7777778,42.91187739,185.0574713,34.3550447,185.5683269,35.88761175,183.5249042,39.20817369,193.1034483,21.96679438,180.9706258,27.96934866,178.1609195,24.39335888,178.2886335,28.60791826,174.0740741,25.1596424,165.7726692,26.30906769,142.7841635,35.88761175,121.3282248,46.36015326,98.08429119,56.83269476,112.2605364,77.77777778,169.7318008,42.01787995,170.8812261,43.29501916,166.155811,48.14814815,165.7726692,43.29501916,166.9220945,45.59386973,162.4521073,51.59642401,161.6858238,45.97701149,162.962963,47.89272031,159.3869732,54.53384419,157.3435504,48.02043423,158.3652618,50.70242656,156.0664112,57.59897829,-3.49E-01,2.10E-01,-1.96E-01,1.61E-01,-3.71E-02,1.11E-01,1.12E-01,2.50E-02,1.79E-01,-7.49E-03,1.78E-01,3.22E-03,1.57E-01,1.80E-02,2.62E-01,-6.12E-02,1.72E-01,-5.75E-02,1.64E-01,-8.69E-02,1.54E-01,-6.08E-02,1.37E-01,-9.32E-02,8.36E-02,-1.09E-01,-8.24E-02,-1.12E-01,-2.41E-01,-1.07E-01,-4.11E-01,-1.06E-01,-3.82E-01,6.02E-02,6.53E-02,-2.27E-03,6.88E-02,8.64E-03,2.69E-02,2.54E-02,3.77E-02,-5.18E-03,3.85E-02,1.19E-02,-4.98E-03,3.64E-02,5.53E-03,1.03E-04,8.13E-03,1.52E-02,-3.16E-02,4.60E-02,-2.64E-02,8.14E-04,-2.75E-02,1.99E-02,-6.01E-02,5.57E-02
Specimen 14,Cueva016,Cueva,Sulfidic,Cave,26,-0.619788758,1.414973348,0.49340348,97.31800766,92.97573436,119.412516,80.58748404,140.4853129,68.45466156,158.2375479,49.16985951,168.5823755,39.33588761,168.1992337,40.99616858,165.9003831,45.59386973,175.2234994,28.8633461,159.8978289,32.95019157,156.7049808,27.71392082,157.0881226,32.95019157,152.2349936,28.09706258,146.9987229,27.84163474,123.2439336,34.09961686,99.74457216,42.78416347,75.98978289,49.80842912,87.61174968,72.92464879,153.7675607,43.80587484,155.0446999,45.97701149,150.8301405,50.70242656,149.6807152,45.59386973,150.4469987,48.40357599,145.7215837,54.40613027,144.9553001,47.38186462,146.2324393,49.93614304,142.5287356,56.32183908,140.7407407,49.04214559,141.3793103,51.46871009,138.8250319,58.36526181,-3.63E-01,1.96E-01,-2.01E-01,1.60E-01,-4.68E-02,1.24E-01,1.01E-01,3.74E-02,1.84E-01,-4.42E-03,1.78E-01,5.22E-03,1.55E-01,2.96E-02,2.45E-01,-5.72E-02,1.42E-01,-6.07E-02,1.32E-01,-9.95E-02,1.24E-01,-6.60E-02,1.03E-01,-1.06E-01,7.07E-02,-1.17E-01,-8.94E-02,-1.23E-01,-2.53E-01,-1.13E-01,-4.14E-01,-1.14E-01,-3.85E-01,5.20E-02,8.28E-02,-4.56E-03,8.66E-02,1.14E-02,5.14E-02,3.29E-02,5.39E-02,-1.14E-03,5.33E-02,1.79E-02,1.25E-02,4.64E-02,2.10E-02,1.08E-03,2.41E-02,1.94E-02,-1.11E-02,5.23E-02,-8.47E-03,3.47E-03,-9.08E-03,1.98E-02,-3.81E-02,5.80E-02
Specimen 73,Luna8,Luna,Nonsulfidic,Cave,25,-0.619788758,1.397940009,1.017318164,71.96261682,83.38525441,96.98857736,68.63966771,121.5991693,52.44029076,142.4714434,28.7642783,154.7248183,19.21079958,152.7518172,21.4953271,149.7403946,27.82969886,163.0321911,5.295950156,143.8213915,12.35721703,138.0062305,6.126687435,140.4984424,13.08411215,133.4371755,6.126687435,130.9449637,6.230529595,101.4537902,13.08411215,73.93561786,23.88369678,46.6251298,34.37175493,59.29387331,59.19003115,136.8639668,24.19522326,137.5908619,26.89511942,132.0872274,32.60643821,131.0488058,26.89511942,132.6064382,30.01038422,127.1028037,36.34475597,125.5451713,29.17964694,126.4797508,32.29491173,121.9106957,40.18691589,119.2107996,31.15264798,120.5607477,34.57943925,116.5109034,43.40602285,,,,,,,,,,,,,,,,,,,,,,,,,,,,,,,,,,,,,,,,,,,,,,,,,,,,,,,,,,
Specimen 21,Cueva025,Cueva,Sulfidic,Cave,27,-0.585026652,1.431363764,0.440172329,125.4150702,99.87228608,148.2758621,88.50574713,170.8812261,77.13920817,191.0600255,58.23754789,200.2554278,48.65900383,199.2337165,50.70242656,196.807152,55.55555556,208.4291188,35.75989783,191.954023,40.35759898,190.1660281,35.75989783,189.7828863,40.61302682,186.3346105,35.88761175,180.2043423,36.14303959,154.5338442,42.14559387,129.5019157,49.55300128,104.4699872,56.32183908,115.3256705,80.20434227,183.3971903,53.3844189,184.1634738,55.93869732,181.4814815,60.02554278,179.8212005,55.04469987,180.2043423,57.08812261,178.1609195,62.83524904,176.5006386,56.32183908,177.2669221,58.36526181,174.3295019,64.62324393,172.541507,57.98212005,172.9246488,59.5146871,172.1583653,65.6449553,-3.61E-01,1.89E-01,-2.03E-01,1.56E-01,-4.59E-02,1.23E-01,1.08E-01,3.99E-02,1.80E-01,-3.92E-03,1.70E-01,6.94E-03,1.48E-01,3.27E-02,2.51E-01,-6.97E-02,1.42E-01,-6.81E-02,1.39E-01,-9.91E-02,1.29E-01,-7.00E-02,1.15E-01,-1.05E-01,7.72E-02,-1.13E-01,-8.96E-02,-1.17E-01,-2.55E-01,-1.12E-01,-4.19E-01,-1.11E-01,-3.91E-01,5.23E-02,6.89E-02,-2.17E-03,6.95E-02,1.47E-02,4.65E-02,3.54E-02,4.44E-02,2.23E-03,4.34E-02,1.54E-02,2.16E-02,4.72E-02,2.20E-02,4.69E-03,2.34E-02,1.84E-02,-4.69E-03,5.20E-02,-4.93E-03,8.47E-03,-5.05E-03,1.85E-02,-1.97E-02,5.48E-02
Specimen 67,Luna2,Luna,Nonsulfidic,Cave,25,-0.585026652,1.397940009,0.64251342,95.91315453,97.82886335,123.7547893,86.84546616,151.4687101,75.22349936,176.1174968,55.17241379,189.7828863,44.44444444,188.1226054,46.48786718,184.4189017,52.49042146,199.3614304,31.16219668,182.8863346,36.01532567,180.2043423,29.75734355,180.2043423,36.01532567,175.734355,28.8633461,165.9003831,28.8633461,135.3767561,33.20561941,105.8748404,39.8467433,76.24521073,47.50957854,87.100894,74.8403576,169.348659,47.89272031,170.3703704,51.08556833,164.3678161,56.96040868,164.7509579,49.42528736,165.2618135,53.76756066,159.2592593,59.89782886,158.8761175,50.95785441,159.642401,54.53384419,155.8109834,61.04725415,153.6398467,52.49042146,154.0229885,55.42784163,150.3192848,63.2183908,,,,,,,,,,,,,,,,,,,,,,,,,,,,,,,,,,,,,,,,,,,,,,,,,,,,,,,,,,
Specimen 11,Cueva013,Cueva,Sulfidic,Cave,28,-0.568636236,1.447158031,0.587900607,110.6002554,93.10344828,133.844189,81.6091954,156.8326948,67.04980843,177.394636,49.29757344,188.1226054,39.46360153,186.8454662,41.89016603,184.6743295,46.36015326,195.9131545,27.45849298,177.7777778,33.46104725,175.3512133,28.73563218,174.9680715,34.09961686,171.9029374,28.73563218,167.5606641,28.48020434,140.7407407,33.7164751,115.4533844,40.61302682,90.03831418,48.02043423,100.8939974,72.15836526,171.9029374,44.57215837,172.9246488,46.6155811,168.9655172,49.6807152,167.9438059,45.97701149,168.3269476,48.27586207,164.8786718,51.72413793,163.8569604,46.6155811,164.6232439,49.6807152,161.8135377,54.02298851,159.2592593,48.53128991,160.5363985,50.57471264,157.7266922,55.93869732,-3.69E-01,1.96E-01,-2.10E-01,1.63E-01,-4.80E-02,1.12E-01,1.04E-01,3.71E-02,1.85E-01,-5.24E-03,1.73E-01,7.39E-03,1.53E-01,3.10E-02,2.51E-01,-6.54E-02,1.32E-01,-5.80E-02,1.25E-01,-9.04E-02,1.14E-01,-5.86E-02,1.04E-01,-9.59E-02,7.82E-02,-1.04E-01,-9.22E-02,-1.15E-01,-2.56E-01,-1.14E-01,-4.21E-01,-1.10E-01,-3.94E-01,5.36E-02,7.88E-02,-1.79E-04,8.17E-02,1.38E-02,5.29E-02,2.60E-02,5.26E-02,2.01E-03,5.13E-02,1.65E-02,2.50E-02,3.19E-02,2.69E-02,-6.16E-04,2.67E-02,1.91E-02,2.76E-03,4.09E-02,-3.92E-03,3.64E-03,5.36E-04,1.80E-02,-2.50E-02,4.60E-02
Specimen 19,Cueva021,Cueva,Sulfidic,Cave,27,-0.552841969,1.431363764,0.867751296,116.2196679,98.59514687,140.2298851,86.20689655,163.6015326,72.79693487,183.5249042,52.10727969,192.9757344,42.78416347,193.8697318,44.44444444,191.1877395,49.29757344,203.4482759,30.39591315,187.9948914,35.24904215,185.6960409,31.2899106,185.5683269,35.24904215,182.1200511,31.16219668,173.0523627,31.54533844,146.4878672,37.16475096,120.5619413,45.97701149,94.38058748,53.76756066,106.2579821,77.9054917,177.6500639,46.99872286,178.1609195,49.29757344,173.8186462,54.91698595,173.5632184,48.53128991,174.5849298,50.57471264,170.7535121,56.57726692,169.4763729,50.19157088,170.3703704,51.97956577,166.7943806,58.74840358,164.1123883,51.85185185,164.49553,53.89527458,161.302682,61.68582375,-3.64E-01,1.94E-01,-2.05E-01,1.60E-01,-4.79E-02,1.20E-01,1.01E-01,3.23E-02,1.71E-01,-6.62E-03,1.73E-01,4.45E-03,1.50E-01,2.83E-02,2.51E-01,-6.17E-02,1.54E-01,-5.84E-02,1.47E-01,-8.50E-02,1.40E-01,-6.23E-02,1.26E-01,-9.15E-02,7.32E-02,-1.04E-01,-8.99E-02,-1.14E-01,-2.55E-01,-1.05E-01,-4.19E-01,-1.01E-01,-3.89E-01,5.77E-02,7.51E-02,-6.82E-03,7.43E-02,7.34E-03,4.01E-02,3.30E-02,4.89E-02,-4.50E-03,5.15E-02,9.00E-03,1.96E-02,3.77E-02,2.25E-02,-1.44E-03,2.48E-02,1.04E-02,-6.84E-03,4.39E-02,-1.13E-02,-4.32E-04,-1.24E-02,1.20E-02,-4.34E-02,5.21E-02
Specimen 2,Cueva002,Cueva,Sulfidic,Cave,30,-0.552841969,1.477121255,0.940211526,121.8390805,89.39974457,143.2950192,72.92464879,164.1123883,56.449553,180.715198,33.97190294,189.3997446,21.71136654,189.0166028,24.13793103,187.7394636,29.11877395,196.1685824,8.556832695,180.587484,16.60280971,176.8837803,13.02681992,177.6500639,17.49680715,172.0306513,13.79310345,167.0498084,14.94252874,141.6347382,24.64878672,117.3690932,36.7816092,92.46487867,48.40357599,108.9399745,71.39208174,172.0306513,30.77905492,173.3077905,32.82247765,170.4980843,38.44189017,166.9220945,33.20561941,168.4546616,34.73818646,165.6449553,42.78416347,162.962963,36.27075351,163.9846743,37.67560664,162.0689655,45.72158365,157.7266922,39.20817369,158.6206897,40.61302682,157.9821201,48.91443167,-3.55E-01,1.93E-01,-1.95E-01,1.56E-01,-3.73E-02,1.18E-01,1.12E-01,3.53E-02,1.91E-01,-1.05E-02,1.83E-01,1.96E-03,1.63E-01,2.63E-02,2.62E-01,-6.62E-02,1.55E-01,-6.12E-02,1.44E-01,-9.05E-02,1.37E-01,-6.38E-02,1.15E-01,-9.86E-02,8.46E-02,-1.05E-01,-8.10E-02,-1.16E-01,-2.46E-01,-1.10E-01,-4.14E-01,-1.09E-01,-3.81E-01,6.00E-02,7.19E-02,-4.46E-03,7.37E-02,1.01E-02,4.39E-02,3.41E-02,3.74E-02,-4.01E-03,4.20E-02,8.38E-03,5.94E-03,4.58E-02,7.66E-03,2.89E-03,9.75E-03,1.33E-02,-2.13E-02,5.30E-02,-2.88E-02,5.85E-03,-2.74E-02,1.59E-02,-5.21E-02,6.03E-02
Specimen 8,Cueva010,Cueva,Sulfidic,Cave,27,-0.537602002,1.431363764,0.61200682,115.5810983,84.92975734,136.3984674,75.86206897,156.8326948,65.90038314,175.862069,52.23499361,189.1443167,40.35759898,188.761175,42.14559387,189.2720307,43.16730524,193.614304,33.07790549,174.201788,26.18135377,171.5197957,21.83908046,172.541507,26.43678161,168.9655172,22.0945083,165.3895275,21.83908046,142.5287356,25.92592593,120.3065134,32.05619413,97.44572158,36.14303959,107.5351213,63.09067688,169.9872286,42.52873563,170.4980843,45.46615581,166.9220945,47.63729246,166.0280971,43.29501916,166.5389527,45.46615581,162.962963,49.29757344,161.5581098,44.31673052,161.9412516,46.99872286,157.7266922,50.83014049,156.5772669,45.59386973,157.2158365,48.27586207,154.2784163,51.34099617,-3.43E-01,2.11E-01,-1.94E-01,1.79E-01,-4.54E-02,1.41E-01,9.84E-02,7.66E-02,2.02E-01,1.64E-02,1.97E-01,2.77E-02,1.98E-01,3.53E-02,2.41E-01,-2.57E-02,1.23E-01,-9.66E-02,1.11E-01,-1.29E-01,1.11E-01,-9.71E-02,9.36E-02,-1.31E-01,7.03E-02,-1.37E-01,-8.59E-02,-1.41E-01,-2.41E-01,-1.31E-01,-3.97E-01,-1.34E-01,-3.67E-01,5.66E-02,7.27E-02,5.05E-03,7.21E-02,2.51E-02,4.56E-02,3.46E-02,4.56E-02,4.80E-03,4.60E-02,1.98E-02,1.72E-02,4.03E-02,1.47E-02,5.53E-03,1.37E-02,2.37E-02,-1.93E-02,4.34E-02,-1.98E-02,7.25E-03,-1.92E-02,2.58E-02,-4.27E-02,4.22E-02
Specimen 4,Cueva004,Cueva,Sulfidic,Cave,29,-0.537602002,1.462397998,0.747378986,127.9693487,102.5542784,147.2541507,85.82375479,164.8786718,67.56066411,179.3103448,44.95530013,187.4840358,34.86590038,186.9731801,36.90932312,185.0574713,41.76245211,193.48659,21.58365262,173.4355045,32.05619413,168.0715198,28.60791826,170.1149425,33.07790549,163.6015326,29.50191571,165.3895275,28.2247765,142.0178799,39.08045977,120.6896552,53.00127714,97.70114943,65.26181354,114.9425287,86.20689655,170.2426564,44.31673052,171.2643678,46.6155811,166.9220945,52.7458493,166.155811,46.74329502,167.688378,48.78671775,163.6015326,56.06641124,162.1966794,49.42528736,163.3461047,51.46871009,160.1532567,58.8761175,157.5989783,51.59642401,159.1315453,54.40613027,156.3218391,61.55810983,-3.57E-01,1.98E-01,-1.92E-01,1.63E-01,-3.08E-02,1.15E-01,1.25E-01,3.11E-02,2.05E-01,-6.73E-04,1.96E-01,9.47E-03,1.69E-01,3.13E-02,2.83E-01,-5.79E-02,1.33E-01,-6.23E-02,1.14E-01,-9.95E-02,1.11E-01,-6.71E-02,8.50E-02,-1.09E-01,9.92E-02,-1.10E-01,-7.07E-02,-1.23E-01,-2.39E-01,-1.12E-01,-4.11E-01,-1.15E-01,-3.79E-01,6.11E-02,7.53E-02,-1.87E-03,7.38E-02,1.47E-02,2.89E-02,3.60E-02,4.39E-02,-1.07E-03,4.61E-02,1.57E-02,-9.71E-04,4.45E-02,1.24E-02,1.61E-03,1.24E-02,1.71E-02,-2.99E-02,4.95E-02,-2.12E-02,-7.09E-04,-2.14E-02,2.04E-02,-6.07E-02,5.26E-02
Specimen 61,ElAz026,EA,Sulfidic,Surface,26,-0.522878745,1.414973348,0.714266101,120.6896552,80.84291188,142.4010217,71.00893997,163.7292465,59.77011494,182.247765,43.29501916,193.1034483,35.24904215,192.5925926,37.16475096,189.5274585,41.25159642,200.5108557,24.90421456,188.2503193,29.62962963,185.5683269,25.54278416,185.9514687,30.39591315,181.8646232,25.54278416,174.3295019,25.1596424,150.9578544,29.88505747,127.2030651,34.48275862,103.7037037,40.86845466,112.899106,62.19667944,177.7777778,39.71902937,177.7777778,41.37931034,174.0740741,44.95530013,173.3077905,41.25159642,173.6909323,43.16730524,169.4763729,46.87100894,169.0932312,42.40102171,169.7318008,44.44444444,164.8786718,49.80842912,164.6232439,43.80587484,165.0063857,46.10472542,160.0255428,52.10727969,-3.60E-01,1.91E-01,-2.02E-01,1.56E-01,-4.41E-02,1.11E-01,1.02E-01,2.68E-02,1.86E-01,-1.16E-02,1.80E-01,4.09E-04,1.54E-01,2.34E-02,2.50E-01,-7.03E-02,1.62E-01,-5.59E-02,1.49E-01,-8.69E-02,1.45E-01,-5.40E-02,1.25E-01,-9.21E-02,7.50E-02,-1.05E-01,-8.75E-02,-1.06E-01,-2.52E-01,-1.09E-01,-4.18E-01,-9.91E-02,-3.86E-01,5.60E-02,7.76E-02,-3.26E-03,7.53E-02,7.81E-03,4.56E-02,2.65E-02,4.57E-02,7.10E-04,4.56E-02,1.40E-02,1.23E-02,3.28E-02,1.60E-02,2.49E-03,1.74E-02,1.70E-02,-2.25E-02,4.60E-02,-1.58E-02,5.61E-03,-1.65E-02,2.15E-02,-5.80E-02,5.45E-02
Specimen 1,Cueva001,Cueva,Sulfidic,Cave,28,-0.517841305,1.447158031,0.785649199,82.37547893,99.10600255,106.1302682,92.59259259,130.2681992,84.80204342,152.7458493,72.54150702,163.8569604,67.81609195,162.0689655,69.85951469,158.2375479,73.56321839,175.862069,60.66411239,159.3869732,59.77011494,158.2375479,55.93869732,156.8326948,60.02554278,154.2784163,54.53384419,149.0421456,53.25670498,123.8825032,52.87356322,98.21200511,52.87356322,72.54150702,52.23499361,78.16091954,78.03320562,148.2758621,67.17752235,148.2758621,69.47637292,143.2950192,72.79693487,144.3167305,67.81609195,144.8275862,70.88122605,140.357599,72.28607918,139.8467433,68.83780332,139.9744572,70.49808429,134.0996169,75.4789272,134.3550447,69.22094508,134.3550447,71.26436782,128.6079183,75.98978289,-3.60E-01,2.02E-01,-2.02E-01,1.59E-01,-4.23E-02,1.07E-01,1.07E-01,2.55E-02,1.81E-01,-5.84E-03,1.69E-01,7.71E-03,1.43E-01,3.23E-02,2.60E-01,-5.33E-02,1.51E-01,-5.92E-02,1.43E-01,-8.47E-02,1.34E-01,-5.75E-02,1.17E-01,-9.40E-02,8.23E-02,-1.02E-01,-8.47E-02,-1.05E-01,-2.55E-01,-1.05E-01,-4.25E-01,-1.09E-01,-3.88E-01,6.19E-02,7.72E-02,-1.01E-02,7.72E-02,5.18E-03,4.41E-02,2.72E-02,5.09E-02,-5.84E-03,5.43E-02,1.45E-02,2.46E-02,2.38E-02,2.12E-02,9.35E-04,2.21E-02,1.20E-02,-1.69E-02,4.50E-02,-1.52E-02,3.48E-03,-1.52E-02,1.70E-02,-5.33E-02,4.84E-02
Specimen 13,Cueva015,Cueva,Sulfidic,Cave,29,-0.508638306,1.462397998,0.587982772,112.2605364,97.5734355,132.8224777,83.01404853,154.2784163,69.09323116,171.9029374,49.6807152,182.3754789,40.10217114,181.3537676,42.14559387,179.4380587,46.87100894,188.5057471,27.07535121,169.9872286,33.97190294,165.5172414,29.11877395,167.5606641,34.22733078,162.0689655,29.50191571,159.7701149,29.50191571,133.844189,35.24904215,110.6002554,44.82758621,86.97318008,54.66155811,101.2771392,79.18263091,162.962963,46.87100894,164.1123883,49.55300128,160.5363985,53.76756066,158.3652618,49.04214559,159.3869732,51.59642401,156.1941252,56.70498084,153.6398467,51.21328225,154.6615581,53.63984674,151.0855683,59.64240102,148.9144317,53.25670498,149.5530013,55.30012771,147.5095785,60.79182631,-3.47E-01,2.00E-01,-1.90E-01,1.55E-01,-2.99E-02,1.16E-01,1.19E-01,3.56E-02,2.03E-01,-2.83E-04,1.93E-01,9.98E-03,1.71E-01,3.47E-02,2.69E-01,-6.65E-02,1.41E-01,-6.41E-02,1.24E-01,-1.03E-01,1.26E-01,-6.78E-02,1.02E-01,-1.08E-01,8.84E-02,-1.13E-01,-8.18E-02,-1.34E-01,-2.44E-01,-1.25E-01,-4.09E-01,-1.16E-01,-3.74E-01,6.40E-02,7.07E-02,-6.32E-04,7.19E-02,1.82E-02,4.11E-02,3.62E-02,3.80E-02,2.74E-03,3.88E-02,2.05E-02,8.37E-03,4.48E-02,4.60E-03,5.85E-03,5.62E-03,2.28E-02,-2.90E-02,5.17E-02,-2.86E-02,8.17E-03,-2.90E-02,2.20E-02,-5.33E-02,5.11E-02
Specimen 64,ElAz030,EA,Sulfidic,Surface,27,-0.494850022,1.431363764,0.519902626,110.0893997,80.07662835,133.5887612,68.45466156,156.449553,56.83269476,175.862069,38.44189017,188.2503193,27.96934866,186.5900383,30.26819923,183.1417625,35.37675607,194.2528736,16.47509579,177.1392082,22.34993614,174.3295019,17.49680715,174.5849298,23.11621967,169.0932312,17.36909323,166.5389527,17.36909323,140.7407407,22.73307791,115.3256705,28.60791826,90.1660281,34.61047254,100.6385696,59.38697318,169.7318008,32.69476373,170.8812261,35.50446999,164.6232439,42.01787995,164.2401022,34.73818646,165.6449553,37.4201788,160.1532567,43.67816092,160.1532567,36.65389527,160.4086845,39.08045977,154.5338442,46.74329502,153.3844189,38.0587484,154.1507024,40.86845466,148.9144317,48.27586207,-3.55E-01,1.95E-01,-1.93E-01,1.58E-01,-3.51E-02,1.21E-01,1.12E-01,3.64E-02,2.03E-01,-9.68E-03,1.90E-01,2.00E-03,1.61E-01,2.83E-02,2.57E-01,-7.15E-02,1.43E-01,-6.07E-02,1.33E-01,-9.47E-02,1.26E-01,-5.98E-02,1.01E-01,-1.03E-01,8.55E-02,-1.07E-01,-8.11E-02,-1.12E-01,-2.46E-01,-1.14E-01,-4.10E-01,-1.14E-01,-3.82E-01,5.37E-02,8.24E-02,-8.07E-03,8.53E-02,1.09E-02,3.72E-02,4.17E-02,4.56E-02,-3.65E-03,5.03E-02,1.49E-02,7.23E-03,4.53E-02,1.76E-02,2.07E-03,1.56E-02,1.74E-02,-3.19E-02,5.58E-02,-2.61E-02,6.83E-04,-2.55E-02,1.91E-02,-6.87E-02,5.69E-02
Specimen 10,Cueva012,Cueva,Sulfidic,Cave,29,-0.48148606,1.462397998,0.593958499,104.4699872,103.4482759,125.5427842,89.39974457,147.1264368,73.94636015,165.3895275,53.00127714,175.3512133,44.95530013,175.2234994,46.74329502,172.7969349,50.3192848,183.7803321,32.69476373,166.6666667,37.4201788,163.0906769,33.20561941,164.1123883,38.44189017,159.3869732,33.33333333,154.1507024,32.95019157,128.4802043,40.10217114,104.853129,49.6807152,79.94891443,59.38697318,92.59259259,82.12005109,156.8326948,50.83014049,157.5989783,53.3844189,153.1289911,58.62068966,151.9795658,53.3844189,153.1289911,55.30012771,149.5530013,60.66411239,146.9987229,54.91698595,148.403576,57.08812261,145.4661558,62.06896552,141.7624521,56.83269476,142.5287356,59.5146871,140.4853129,65.0063857,-3.49E-01,2.07E-01,-1.95E-01,1.65E-01,-3.50E-02,1.16E-01,1.16E-01,2.69E-02,1.92E-01,-1.41E-03,1.87E-01,9.04E-03,1.66E-01,2.56E-02,2.67E-01,-5.80E-02,1.55E-01,-6.38E-02,1.42E-01,-9.62E-02,1.38E-01,-6.28E-02,1.19E-01,-1.03E-01,8.89E-02,-1.16E-01,-7.90E-02,-1.24E-01,-2.40E-01,-1.14E-01,-4.08E-01,-1.05E-01,-3.78E-01,5.58E-02,6.93E-02,-3.21E-03,6.88E-02,1.36E-02,3.16E-02,3.60E-02,3.51E-02,2.39E-03,3.82E-02,1.62E-02,6.06E-03,4.11E-02,2.26E-03,1.62E-03,6.33E-03,1.74E-02,-2.12E-02,4.14E-02,-3.29E-02,2.64E-03,-3.37E-02,2.02E-02,-5.69E-02,4.90E-02
Specimen 7,Cueva009,Cueva,Sulfidic,Cave,30,-0.468521083,1.477121255,0.421810792,132.6947637,94.76372925,149.936143,77.9054917,168.4546616,61.55810983,181.0983397,39.59131545,188.1226054,26.18135377,189.2720307,27.5862069,188.5057471,32.05619413,190.9323116,13.66538953,175.9897829,22.98850575,172.0306513,19.54022989,173.3077905,23.62707535,168.0715198,20.43422733,163.7292465,20.30651341,140.9961686,31.80076628,120.5619413,45.59386973,100.2554278,59.13154534,118.6462324,79.31034483,175.862069,34.61047254,177.1392082,36.27075351,175.3512133,40.99616858,172.541507,37.54789272,173.8186462,39.46360153,172.1583653,43.42273308,168.9655172,39.97445722,170.4980843,42.14559387,168.3269476,49.55300128,164.7509579,43.03959132,165.9003831,45.21072797,165.1340996,52.61813538,-3.59E-01,1.88E-01,-2.06E-01,1.53E-01,-4.71E-02,1.25E-01,9.80E-02,4.61E-02,1.83E-01,-4.47E-03,1.84E-01,7.26E-03,1.65E-01,2.95E-02,2.41E-01,-6.45E-02,1.26E-01,-6.35E-02,1.16E-01,-9.62E-02,1.09E-01,-6.91E-02,9.09E-02,-1.05E-01,6.72E-02,-1.20E-01,-9.84E-02,-1.34E-01,-2.59E-01,-1.27E-01,-4.18E-01,-1.21E-01,-3.84E-01,5.41E-02,8.58E-02,5.96E-04,8.72E-02,1.42E-02,6.12E-02,3.44E-02,5.73E-02,5.60E-03,5.79E-02,2.06E-02,3.51E-02,3.70E-02,2.92E-02,6.91E-03,3.03E-02,2.42E-02,-7.00E-03,5.80E-02,-4.69E-03,9.59E-03,-5.69E-03,2.56E-02,-3.52E-02,6.41E-02
Specimen 60,ElAz025,EA,Sulfidic,Surface,27,-0.455931956,1.431363764,0.354413698,125.4150702,70.24265645,147.1264368,60.1532567,168.0715198,49.16985951,186.3346105,31.41762452,195.2745849,24.64878672,195.0191571,27.45849298,193.1034483,30.39591315,205.1085568,12.64367816,191.0600255,16.34738186,188.761175,12.2605364,187.6117497,16.34738186,185.0574713,11.87739464,177.9054917,10.72796935,153.6398467,14.94252874,130.651341,19.79565773,106.2579821,24.64878672,116.3473819,48.14814815,180.587484,27.20306513,181.0983397,29.50191571,177.0114943,33.97190294,175.3512133,28.60791826,176.2452107,31.16219668,171.00894,37.16475096,170.2426564,30.01277139,170.6257982,32.31162197,167.4329502,39.20817369,165.0063857,31.41762452,165.3895275,34.22733078,161.4303959,41.63473819,-3.43E-01,2.08E-01,-1.86E-01,1.69E-01,-3.35E-02,1.23E-01,1.10E-01,2.93E-02,1.78E-01,-3.96E-03,1.73E-01,1.43E-02,1.56E-01,3.13E-02,2.59E-01,-7.07E-02,1.61E-01,-6.43E-02,1.51E-01,-9.43E-02,1.38E-01,-6.87E-02,1.27E-01,-1.02E-01,8.10E-02,-1.18E-01,-8.50E-02,-1.22E-01,-2.43E-01,-1.19E-01,-4.11E-01,-1.18E-01,-3.74E-01,5.01E-02,7.76E-02,-5.94E-03,7.80E-02,9.93E-03,4.52E-02,3.42E-02,4.12E-02,-3.37E-03,4.38E-02,1.47E-02,1.43E-03,4.77E-02,5.55E-03,-6.46E-04,5.14E-03,1.51E-02,-2.49E-02,5.66E-02,-3.09E-02,1.92E-03,-3.20E-02,2.10E-02,-6.77E-02,6.49E-02
Specimen 6,Cueva008,Cueva,Sulfidic,Cave,31,-0.443697499,1.491361694,0.550963708,120.3065134,102.2988506,139.2081737,85.82375479,156.7049808,68.83780332,168.7100894,45.08301405,175.6066411,35.24904215,175.3512133,37.80332056,175.0957854,42.14559387,180.4597701,20.56194125,167.0498084,28.60791826,163.9846743,24.90421456,164.6232439,29.37420179,159.5146871,25.67049808,153.7675607,27.07535121,131.0344828,37.4201788,109.5785441,50.3192848,89.14431673,65.26181354,105.1085568,83.65261814,159.7701149,43.550447,161.5581098,45.72158365,158.2375479,52.23499361,156.3218391,45.59386973,157.8544061,48.14814815,154.789272,55.55555556,152.2349936,48.65900383,153.6398467,50.70242656,151.7241379,58.49297573,147.3818646,51.72413793,149.1698595,53.3844189,148.1481481,61.9412516,-3.47E-01,2.05E-01,-1.86E-01,1.71E-01,-3.17E-02,1.30E-01,1.13E-01,3.25E-02,1.84E-01,-1.72E-03,1.74E-01,1.21E-02,1.59E-01,3.61E-02,2.59E-01,-7.02E-02,1.56E-01,-6.71E-02,1.50E-01,-9.81E-02,1.40E-01,-7.04E-02,1.22E-01,-1.08E-01,8.51E-02,-1.18E-01,-7.81E-02,-1.32E-01,-2.42E-01,-1.27E-01,-4.07E-01,-1.06E-01,-3.74E-01,4.98E-02,6.67E-02,-4.86E-03,7.00E-02,1.33E-02,3.02E-02,3.99E-02,4.05E-02,-4.19E-03,4.11E-02,1.53E-02,-1.35E-04,4.79E-02,7.30E-03,2.72E-04,8.80E-03,1.65E-02,-2.71E-02,5.49E-02,-3.03E-02,2.29E-03,-2.53E-02,1.75E-02,-5.85E-02,6.32E-02
Specimen 17,Cueva019,Cueva,Sulfidic,Cave,28,-0.443697499,1.447158031,0.578451935,115.5810983,94.76372925,135.1213282,82.63090677,153.7675607,68.58237548,168.7100894,48.78671775,177.394636,40.74074074,176.8837803,42.91187739,175.6066411,47.38186462,184.6743295,29.37420179,166.9220945,34.48275862,165.0063857,30.14048531,164.49553,34.48275862,161.5581098,30.14048531,158.8761175,30.01277139,135.3767561,35.12132822,113.2822478,43.16730524,90.1660281,50.06385696,103.9591315,74.07407407,161.9412516,46.23243934,162.5798212,48.02043423,159.3869732,52.61813538,158.2375479,47.38186462,158.8761175,49.93614304,154.789272,55.8109834,153.7675607,49.80842912,154.789272,51.97956577,151.8518519,57.85440613,149.5530013,51.34099617,150.3192848,53.51213282,148.0204342,60.66411239,-3.43E-01,2.16E-01,-1.87E-01,1.80E-01,-3.16E-02,1.29E-01,1.12E-01,3.11E-02,1.88E-01,-2.63E-03,1.79E-01,1.06E-02,1.61E-01,3.73E-02,2.61E-01,-6.15E-02,1.32E-01,-6.76E-02,1.29E-01,-1.01E-01,1.16E-01,-7.31E-02,1.07E-01,-1.08E-01,8.91E-02,-1.15E-01,-7.81E-02,-1.34E-01,-2.42E-01,-1.31E-01,-4.11E-01,-1.37E-01,-3.74E-01,5.29E-02,7.29E-02,-1.04E-03,7.31E-02,1.22E-02,4.16E-02,3.55E-02,4.58E-02,-1.75E-03,4.43E-02,1.66E-02,3.99E-03,4.63E-02,1.07E-02,4.25E-03,1.26E-02,2.09E-02,-2.01E-02,5.32E-02,-2.06E-02,4.92E-03,-2.04E-02,2.10E-02,-5.18E-02,6.32E-02
Specimen 54,ElAz018,EA,Sulfidic,Surface,27,-0.443697499,1.431363764,0.407581144,131.6730524,74.20178799,151.8518519,63.60153257,171.7752235,51.97956577,188.761175,32.95019157,198.5951469,24.13793103,197.9565773,26.69220945,194.7637292,30.90676884,205.7471264,14.04853129,189.5274585,17.75223499,187.100894,12.899106,186.8454662,17.75223499,183.5249042,12.51596424,179.1826309,11.74968072,156.1941252,16.60280971,133.7164751,22.22222222,110.3448276,27.84163474,120.8173691,51.46871009,178.6717752,30.651341,179.5657727,33.33333333,174.201788,38.95274585,174.3295019,31.9284802,174.7126437,34.73818646,171.00894,41.1238825,168.7100894,33.33333333,169.0932312,36.52618135,165.7726692,42.78416347,162.1966794,35.37675607,162.7075351,38.31417625,159.0038314,45.84929757,-3.25E-01,2.17E-01,-1.72E-01,1.78E-01,-1.87E-02,1.32E-01,1.26E-01,3.11E-02,2.07E-01,-1.24E-02,1.98E-01,3.77E-03,1.70E-01,2.70E-02,2.71E-01,-6.89E-02,1.56E-01,-7.00E-02,1.48E-01,-1.07E-01,1.38E-01,-7.43E-02,1.24E-01,-1.15E-01,9.61E-02,-1.27E-01,-6.67E-02,-1.31E-01,-2.27E-01,-1.30E-01,-3.94E-01,-1.30E-01,-3.61E-01,4.65E-02,6.25E-02,-6.92E-04,6.42E-02,1.88E-02,1.91E-02,4.79E-02,3.12E-02,9.30E-04,2.92E-02,2.05E-02,-6.03E-03,5.74E-02,-8.88E-03,1.36E-03,-1.14E-02,2.34E-02,-4.39E-02,6.02E-02,-5.59E-02,4.63E-03,-5.72E-02,2.52E-02,-9.43E-02,6.99E-02
Specimen 16,Cueva018,Cueva,Sulfidic,Cave,31,-0.431798276,1.491361694,0.704169232,118.2630907,105.1085568,141.6347382,92.97573436,163.6015326,78.67177522,182.6309068,59.13154534,193.1034483,49.93614304,191.8263091,53.12899106,189.1443167,58.49297573,201.660281,37.4201788,183.908046,41.50702427,180.715198,36.01532567,180.9706258,41.50702427,175.4789272,35.88761175,171.3920817,35.88761175,144.4444444,39.59131545,118.6462324,45.59386973,94.5083014,54.91698595,107.4074074,82.24776501,173.4355045,55.55555556,174.7126437,58.74840358,170.6257982,63.34610473,169.4763729,56.83269476,170.2426564,59.38697318,166.5389527,65.77266922,164.6232439,58.49297573,165.2618135,61.55810983,162.835249,68.0715198,159.3869732,60.1532567,160.1532567,62.96296296,157.3435504,71.00893997,-3.40E-01,2.10E-01,-1.82E-01,1.74E-01,-2.91E-02,1.22E-01,1.14E-01,3.48E-02,1.91E-01,-3.94E-03,1.78E-01,1.31E-02,1.54E-01,4.10E-02,2.61E-01,-6.55E-02,1.49E-01,-6.83E-02,1.38E-01,-1.06E-01,1.31E-01,-7.28E-02,1.07E-01,-1.15E-01,8.29E-02,-1.21E-01,-8.35E-02,-1.40E-01,-2.46E-01,-1.44E-01,-4.05E-01,-1.25E-01,-3.70E-01,5.74E-02,6.50E-02,-5.87E-04,6.77E-02,2.04E-02,3.63E-02,4.15E-02,3.94E-02,9.64E-04,4.01E-02,1.74E-02,8.18E-03,4.98E-02,7.93E-03,3.43E-03,7.04E-03,2.27E-02,-1.74E-02,5.78E-02,-2.58E-02,5.30E-03,-2.56E-02,2.32E-02,-5.47E-02,6.69E-02
Specimen 48,ElAz011,EA,Sulfidic,Surface,28,-0.431798276,1.447158031,0.49726367,109.9616858,84.16347382,131.6730524,71.51979566,154.5338442,59.00383142,173.0523627,38.69731801,184.0357599,28.99106003,184.4189017,31.54533844,181.9923372,35.12132822,191.4431673,17.75223499,175.862069,21.4559387,172.0306513,16.73052363,172.6692209,21.96679438,168.0715198,16.21966794,161.8135377,15.83652618,136.1430396,21.83908046,111.4942529,29.62962963,86.07918263,36.14303959,99.3614304,62.96296296,168.0715198,33.58876117,168.5823755,35.63218391,164.49553,39.97445722,163.6015326,35.24904215,164.3678161,37.29246488,159.8978289,42.91187739,158.8761175,36.7816092,160.2809706,38.82503193,156.5772669,44.82758621,155.1724138,37.93103448,156.3218391,40.4853129,152.6181354,47.12643678,-3.54E-01,2.03E-01,-2.03E-01,1.64E-01,-4.51E-02,1.28E-01,9.96E-02,3.72E-02,1.82E-01,-2.43E-03,1.80E-01,1.35E-02,1.59E-01,3.08E-02,2.45E-01,-5.72E-02,1.45E-01,-6.12E-02,1.30E-01,-9.58E-02,1.25E-01,-6.34E-02,1.07E-01,-1.05E-01,7.07E-02,-1.18E-01,-9.28E-02,-1.25E-01,-2.53E-01,-1.20E-01,-4.16E-01,-1.24E-01,-3.82E-01,5.90E-02,7.84E-02,-1.66E-03,7.80E-02,1.14E-02,4.63E-02,3.05E-02,4.89E-02,7.92E-04,5.01E-02,1.43E-02,1.39E-02,4.04E-02,1.81E-02,2.05E-03,2.31E-02,1.66E-02,-9.13E-03,4.63E-02,-6.00E-03,2.73E-03,-3.40E-03,1.99E-02,-3.67E-02,5.34E-02
Specimen 20,Cueva022,Cueva,Sulfidic,Cave,30,-0.420216403,1.477121255,0.649151213,127.458493,99.61685824,145.3384419,83.14176245,161.0472542,65.38952746,173.6909323,42.40102171,181.3537676,33.07790549,180.3320562,35.63218391,179.054917,38.82503193,186.3346105,20.17879949,173.4355045,27.20306513,170.1149425,23.62707535,171.00894,27.96934866,166.9220945,24.26564496,159.7701149,24.77650064,135.8876117,33.33333333,115.0702427,44.95530013,94.12515964,57.08812261,110.9833972,78.28863346,166.9220945,40.86845466,167.688378,42.91187739,165.0063857,46.10472542,163.2183908,42.40102171,164.8786718,44.57215837,160.9195402,51.21328225,159.0038314,45.59386973,160.9195402,47.2541507,158.109834,53.3844189,155.8109834,47.38186462,156.9604087,49.80842912,154.5338442,56.57726692,-3.43E-01,2.26E-01,-1.87E-01,1.84E-01,-3.90E-02,1.27E-01,1.07E-01,3.00E-02,1.81E-01,-1.66E-03,1.67E-01,1.03E-02,1.49E-01,2.53E-02,2.50E-01,-6.27E-02,1.52E-01,-6.08E-02,1.43E-01,-9.22E-02,1.35E-01,-6.37E-02,1.22E-01,-9.82E-02,7.84E-02,-1.17E-01,-8.93E-02,-1.40E-01,-2.48E-01,-1.35E-01,-4.10E-01,-1.28E-01,-3.75E-01,4.94E-02,7.12E-02,3.98E-05,6.95E-02,1.45E-02,4.38E-02,2.52E-02,4.46E-02,-2.28E-03,4.77E-02,1.57E-02,3.88E-03,4.28E-02,9.83E-03,3.65E-03,1.61E-02,1.94E-02,-1.94E-02,4.70E-02,-1.46E-02,4.41E-03,-1.52E-02,2.23E-02,-5.04E-02,5.49E-02
Specimen 5,Cueva007,Cueva,Sulfidic,Cave,30,-0.420216403,1.477121255,1.161932331,92.20945083,94.12515964,113.0268199,86.33461047,133.7164751,78.5440613,152.4904215,63.85696041,162.835249,55.93869732,161.9412516,58.10983397,159.3869732,61.55810983,170.4980843,47.63729246,158.109834,48.27586207,156.8326948,43.67816092,155.5555556,48.27586207,153.7675607,43.16730524,145.5938697,41.76245211,122.4776501,41.50702427,100.8939974,45.08301405,79.31034483,49.93614304,86.07918263,72.4137931,145.5938697,58.62068966,145.9770115,61.30268199,141.2515964,65.13409962,141.890166,60.02554278,142.2733078,61.30268199,137.8033206,65.90038314,137.8033206,60.02554278,137.9310345,62.06896552,133.3333333,68.19923372,133.0779055,60.53639847,133.3333333,63.2183908,129.2464879,68.96551724,-3.41E-01,2.12E-01,-1.88E-01,1.71E-01,-3.48E-02,1.31E-01,1.09E-01,4.00E-02,1.89E-01,-8.82E-03,1.81E-01,5.97E-03,1.60E-01,2.86E-02,2.49E-01,-6.23E-02,1.61E-01,-6.67E-02,1.55E-01,-1.00E-01,1.43E-01,-6.86E-02,1.33E-01,-1.06E-01,7.64E-02,-1.22E-01,-8.78E-02,-1.41E-01,-2.44E-01,-1.31E-01,-4.01E-01,-1.12E-01,-3.69E-01,5.27E-02,6.42E-02,-2.26E-03,6.50E-02,1.71E-02,2.86E-02,4.09E-02,3.68E-02,5.04E-03,3.86E-02,1.44E-02,3.48E-03,4.39E-02,7.75E-03,2.08E-03,7.18E-03,1.67E-02,-3.00E-02,5.70E-02,-2.62E-02,2.29E-03,-2.64E-02,2.16E-02,-5.96E-02,5.95E-02
Specimen 62,ElAz028,EA,Sulfidic,Surface,28,-0.408935393,1.447158031,0.901676035,116.091954,83.26947637,137.5478927,69.73180077,159.7701149,56.83269476,178.2886335,36.65389527,188.5057471,27.20306513,187.7394636,29.62962963,185.1851852,34.09961686,196.2962963,15.58109834,181.4814815,20.56194125,177.0114943,15.58109834,177.7777778,20.81736909,173.3077905,15.83652618,167.1775223,15.07024266,141.6347382,20.94508301,116.4750958,27.5862069,91.82630907,35.63218391,104.853129,61.9412516,169.2209451,33.7164751,170.2426564,36.65389527,164.6232439,42.78416347,164.6232439,36.01532567,165.2618135,38.31417625,160.5363985,45.21072797,159.2592593,38.0587484,160.1532567,40.35759898,156.1941252,48.14814815,153.3844189,39.46360153,154.0229885,42.78416347,150.3192848,50.57471264,-3.36E-01,2.07E-01,-1.84E-01,1.61E-01,-2.77E-02,1.20E-01,1.18E-01,2.90E-02,1.96E-01,-1.12E-02,1.87E-01,2.23E-03,1.64E-01,2.50E-02,2.62E-01,-6.85E-02,1.64E-01,-6.31E-02,1.46E-01,-1.01E-01,1.41E-01,-6.78E-02,1.23E-01,-1.05E-01,8.69E-02,-1.20E-01,-7.76E-02,-1.27E-01,-2.41E-01,-1.29E-01,-4.04E-01,-1.22E-01,-3.69E-01,5.94E-02,6.82E-02,-3.96E-03,6.95E-02,1.55E-02,2.52E-02,4.32E-02,3.65E-02,2.28E-03,3.66E-02,1.73E-02,-3.56E-03,5.11E-02,6.58E-04,5.69E-03,2.23E-03,2.11E-02,-3.47E-02,6.16E-02,-3.72E-02,4.40E-03,-3.89E-02,2.56E-02,-7.43E-02,6.65E-02
Specimen 68,Luna3,Luna,Nonsulfidic,Cave,30,-0.397940009,1.477121255,0.433931297,112.5159642,104.7254151,136.5261814,88.37803321,158.8761175,69.98722861,175.9897829,44.69987229,185.440613,31.67305236,184.4189017,33.7164751,182.5031928,40.22988506,189.7828863,15.45338442,174.8403576,26.94763729,170.8812261,21.71136654,172.0306513,28.09706258,167.1775223,22.73307791,160.7918263,24.77650064,133.4610473,36.90932312,106.6411239,49.80842912,79.69348659,62.19667944,98.21200511,86.46232439,169.348659,39.46360153,171.5197957,41.76245211,168.4546616,47.2541507,165.6449553,42.27330779,167.1775223,45.46615581,164.49553,51.34099617,161.5581098,44.69987229,163.2183908,47.89272031,160.7918263,54.27841635,157.0881226,48.14814815,158.6206897,51.46871009,156.449553,58.74840358,,,,,,,,,,,,,,,,,,,,,,,,,,,,,,,,,,,,,,,,,,,,,,,,,,,,,,,,,,
Specimen 69,Luna4,Luna,Nonsulfidic,Cave,30,-0.397940009,1.477121255,0.678253852,116.7305236,98.72286079,143.2950192,85.82375479,169.6040868,73.05236271,193.7420179,53.3844189,210.3448276,39.59131545,207.9182631,42.27330779,203.8314176,47.63729246,216.7305236,31.80076628,195.4022989,31.41762452,190.6768838,23.88250319,192.0817369,31.41762452,186.2068966,23.75478927,182.247765,23.49936143,152.6181354,27.5862069,124.5210728,35.12132822,96.16858238,42.65644955,107.2796935,72.28607918,189.3997446,43.29501916,190.5491699,46.48786718,185.440613,51.97956577,184.9297573,45.08301405,185.440613,48.53128991,179.5657727,54.53384419,178.7994891,47.50957854,179.6934866,49.93614304,174.5849298,57.59897829,172.541507,48.91443167,173.3077905,51.72413793,168.4546616,61.30268199,,,,,,,,,,,,,,,,,,,,,,,,,,,,,,,,,,,,,,,,,,,,,,,,,,,,,,,,,,
Specimen 76,Luna11,Luna,Nonsulfidic,Cave,31,-0.397940009,1.491361694,0.828338676,115.8365262,105.2362708,146.2324393,95.53001277,176.6283525,84.41890166,205.2362708,65.77266922,221.9667944,55.8109834,219.6679438,58.8761175,215.5810983,64.24010217,232.5670498,43.29501916,214.6871009,46.74329502,211.6219668,39.59131545,210.9833972,46.99872286,206.1302682,38.31417625,197.4457216,37.16475096,164.1123883,37.93103448,132.0561941,42.65644955,100.3831418,47.63729246,108.045977,76.88378033,199.8722861,58.36526181,199.8722861,61.43039591,194.3805875,65.13409962,194.7637292,58.8761175,195.4022989,62.19667944,190.9323116,65.90038314,188.3780332,60.02554278,189.3997446,63.2183908,183.5249042,68.83780332,182.6309068,60.79182631,182.8863346,64.49553001,177.5223499,70.24265645,,,,,,,,,,,,,,,,,,,,,,,,,,,,,,,,,,,,,,,,,,,,,,,,,,,,,,,,,,
Specimen 38,ArBo017,Bonita,Nonsulfidic,Surface,30,-0.397940009,1.477121255,0.578974401,115.3256705,78.5440613,137.8033206,65.6449553,160.5363985,52.36270754,180.715198,33.07790549,190.1660281,24.77650064,189.7828863,27.45849298,187.100894,33.07790549,199.1060026,13.02681992,185.5683269,16.60280971,182.6309068,10.98339719,183.1417625,16.09195402,179.3103448,10.98339719,169.6040868,10.85568327,143.2950192,17.11366539,118.6462324,25.92592593,93.61430396,33.58876117,105.6194125,58.10983397,175.862069,27.20306513,177.0114943,30.26819923,172.1583653,34.73818646,171.3920817,29.11877395,172.1583653,31.41762452,166.9220945,37.67560664,167.0498084,30.651341,168.4546616,33.07790549,163.2183908,39.97445722,162.1966794,32.31162197,163.2183908,34.3550447,159.1315453,41.89016603,-3.60E-01,2.00E-01,-2.06E-01,1.59E-01,-4.97E-02,1.16E-01,1.01E-01,3.33E-02,1.70E-01,-1.06E-03,1.64E-01,1.43E-02,1.39E-01,4.34E-02,2.42E-01,-5.67E-02,1.56E-01,-5.70E-02,1.48E-01,-9.51E-02,1.42E-01,-6.39E-02,1.28E-01,-1.00E-01,7.03E-02,-1.17E-01,-9.61E-02,-1.21E-01,-2.57E-01,-1.08E-01,-4.18E-01,-1.02E-01,-3.85E-01,6.25E-02,8.14E-02,-9.39E-03,8.34E-02,1.07E-02,4.74E-02,2.95E-02,5.18E-02,-5.12E-03,5.27E-02,9.77E-03,1.16E-02,3.86E-02,2.36E-02,-2.92E-03,2.80E-02,1.37E-02,-1.41E-02,4.64E-02,-7.94E-03,-7.71E-04,-5.12E-03,1.30E-02,-4.14E-02,5.13E-02
Specimen 51,ElAz014,EA,Sulfidic,Surface,30,-0.387216143,1.477121255,0.428618005,114.3039591,97.5734355,136.5261814,83.39719029,158.8761175,68.0715198,177.5223499,47.76500639,189.6551724,36.27075351,189.2720307,38.0587484,187.100894,43.550447,195.7854406,25.41507024,182.8863346,29.88505747,179.1826309,25.54278416,179.5657727,30.651341,175.0957854,25.54278416,166.155811,25.92592593,139.5913155,32.82247765,114.1762452,42.14559387,89.27203065,51.59642401,102.1711367,75.98978289,173.0523627,42.14559387,173.5632184,44.31673052,169.348659,48.91443167,168.5823755,44.06130268,169.4763729,46.87100894,165.1340996,52.36270754,164.2401022,45.97701149,165.0063857,48.91443167,162.3243934,54.53384419,159.3869732,48.91443167,159.8978289,50.57471264,156.3218391,57.72669221,-3.58E-01,2.01E-01,-2.05E-01,1.61E-01,-4.98E-02,1.16E-01,9.37E-02,3.48E-02,1.84E-01,-8.05E-03,1.78E-01,1.40E-03,1.56E-01,2.86E-02,2.39E-01,-5.84E-02,1.57E-01,-5.69E-02,1.44E-01,-8.84E-02,1.37E-01,-5.86E-02,1.21E-01,-9.59E-02,6.95E-02,-1.10E-01,-9.41E-02,-1.20E-01,-2.56E-01,-1.14E-01,-4.15E-01,-1.07E-01,-3.87E-01,5.56E-02,7.87E-02,-5.41E-03,7.76E-02,7.87E-03,4.51E-02,2.62E-02,4.98E-02,-2.80E-03,4.96E-02,1.48E-02,1.48E-02,3.80E-02,2.15E-02,4.64E-05,2.05E-02,1.81E-02,-5.19E-03,4.51E-02,-1.15E-02,7.75E-03,-1.16E-02,1.81E-02,-4.52E-02,5.21E-02
Specimen 53,ElAz016,EA,Sulfidic,Surface,28,-0.37675071,1.447158031,0.515527586,120.5619413,86.33461047,143.4227331,73.56321839,166.0280971,60.28097063,185.5683269,40.61302682,196.4240102,31.2899106,195.5300128,32.95019157,193.2311622,37.93103448,203.5759898,18.51851852,186.0791826,24.39335888,181.6091954,19.54022989,183.1417625,25.1596424,177.1392082,19.66794381,175.0957854,19.41251596,148.6590038,25.67049808,123.1162197,32.43933589,96.9348659,38.18646232,110.2171137,65.26181354,178.1609195,36.14303959,179.054917,38.69731801,174.0740741,44.06130268,173.0523627,38.18646232,174.0740741,40.61302682,168.7100894,47.38186462,167.3052363,40.22988506,168.3269476,42.78416347,163.7292465,50.06385696,160.1532567,42.78416347,161.5581098,45.33844189,158.4929757,52.61813538,-3.48E-01,2.01E-01,-1.90E-01,1.62E-01,-3.24E-02,1.20E-01,1.17E-01,3.38E-02,1.97E-01,-4.21E-03,1.89E-01,4.27E-03,1.67E-01,3.03E-02,2.61E-01,-6.90E-02,1.47E-01,-6.25E-02,1.28E-01,-9.90E-02,1.28E-01,-6.28E-02,1.01E-01,-1.06E-01,8.91E-02,-1.10E-01,-7.96E-02,-1.16E-01,-2.44E-01,-1.18E-01,-4.10E-01,-1.26E-01,-3.75E-01,5.76E-02,8.00E-02,-5.15E-03,8.11E-02,1.16E-02,4.25E-02,3.56E-02,4.60E-02,-1.31E-03,4.81E-02,1.49E-02,4.89E-03,4.66E-02,8.23E-03,1.49E-03,1.02E-02,1.85E-02,-2.94E-02,5.45E-02,-3.88E-02,5.03E-03,-3.46E-02,2.26E-02,-6.49E-02,6.12E-02
Specimen 18,Cueva020,Cueva,Sulfidic,Cave,33,-0.356547324,1.51851394,0.536304619,130.2681992,88.25031928,149.0421456,72.54150702,168.0715198,57.72669221,182.7586207,36.39846743,191.1877395,27.07535121,190.1660281,29.11877395,189.0166028,33.84418902,196.9348659,13.79310345,183.1417625,19.79565773,180.715198,16.21966794,180.4597701,20.30651341,176.7560664,16.60280971,168.8378033,16.98595147,145.4661558,26.30906769,124.0102171,37.93103448,102.6819923,50.3192848,117.2413793,71.26436782,175.9897829,33.07790549,176.8837803,34.9936143,174.3295019,40.35759898,171.9029374,35.88761175,172.9246488,37.93103448,171.6475096,41.89016603,167.1775223,38.69731801,167.9438059,40.35759898,166.4112388,43.93358876,161.9412516,41.25159642,163.0906769,42.78416347,161.0472542,46.6155811,-3.51E-01,2.01E-01,-1.95E-01,1.59E-01,-3.98E-02,1.23E-01,1.07E-01,3.51E-02,1.84E-01,2.39E-03,1.72E-01,1.18E-02,1.52E-01,3.70E-02,2.55E-01,-6.15E-02,1.55E-01,-6.35E-02,1.51E-01,-9.17E-02,1.38E-01,-6.78E-02,1.26E-01,-1.00E-01,7.73E-02,-1.20E-01,-8.88E-02,-1.28E-01,-2.50E-01,-1.18E-01,-4.12E-01,-1.02E-01,-3.82E-01,6.35E-02,7.58E-02,-3.53E-03,7.58E-02,1.04E-02,4.57E-02,3.56E-02,4.35E-02,2.06E-03,4.40E-02,1.71E-02,2.54E-02,3.74E-02,7.36E-03,5.87E-03,7.38E-03,1.80E-02,-1.17E-02,3.52E-02,-3.11E-02,6.75E-03,-2.85E-02,1.91E-02,-5.13E-02,3.65E-02
Specimen 56,ElAz020,EA,Sulfidic,Surface,30,-0.337242168,1.477121255,0.529416257,117.752235,94.12515964,142.4010217,79.82120051,166.5389527,64.49553001,186.8454662,40.99616858,199.4891443,30.651341,197.9565773,32.31162197,196.5517241,37.29246488,207.5351213,18.3908046,189.5274585,23.24393359,187.100894,17.87994891,186.3346105,23.49936143,180.3320562,17.87994891,174.7126437,17.75223499,146.743295,24.13793103,120.1787995,34.3550447,92.84802043,44.31673052,105.2362708,69.22094508,180.0766284,36.01532567,181.7369093,38.95274585,177.394636,43.03959132,175.734355,38.0587484,176.6283525,40.99616858,171.2643678,47.50957854,170.8812261,39.71902937,171.5197957,43.03959132,167.816092,49.6807152,165.5172414,42.27330779,166.5389527,45.33844189,163.2183908,51.72413793,-3.59E-01,2.04E-01,-2.02E-01,1.68E-01,-4.60E-02,1.25E-01,1.03E-01,3.20E-02,1.88E-01,-2.80E-03,1.77E-01,3.62E-03,1.61E-01,2.82E-02,2.52E-01,-5.56E-02,1.47E-01,-5.93E-02,1.42E-01,-9.23E-02,1.29E-01,-6.33E-02,1.06E-01,-1.04E-01,7.58E-02,-1.14E-01,-8.58E-02,-1.26E-01,-2.46E-01,-1.15E-01,-4.10E-01,-1.06E-01,-3.85E-01,4.88E-02,7.44E-02,-6.10E-03,7.85E-02,1.25E-02,4.82E-02,2.74E-02,4.76E-02,-2.28E-03,4.75E-02,1.51E-02,7.72E-03,4.13E-02,1.86E-02,-1.38E-03,1.65E-02,1.76E-02,-1.45E-02,4.73E-02,-1.46E-02,3.49E-03,-1.42E-02,2.17E-02,-4.27E-02,5.07E-02
Specimen 59,ElAz024,EA,Sulfidic,Surface,30,-0.318758763,1.477121255,0.419175511,122.3499361,79.94891443,145.210728,68.32694764,167.1775223,55.42784163,187.2286079,36.52618135,198.5951469,28.99106003,197.5734355,30.90676884,195.4022989,34.9936143,207.2796935,18.13537676,191.5708812,23.11621967,187.9948914,18.13537676,187.4840358,23.37164751,183.5249042,18.13537676,179.1826309,18.00766284,153.8952746,22.0945083,129.2464879,30.01277139,105.3639847,38.82503193,113.0268199,57.59897829,181.6091954,32.95019157,182.5031928,35.37675607,177.6500639,38.44189017,177.2669221,34.22733078,178.0332056,36.52618135,172.4137931,41.50702427,172.6692209,35.63218391,172.7969349,38.95274585,167.1775223,43.67816092,167.9438059,36.27075351,168.1992337,40.22988506,162.3243934,45.72158365,-3.65E-01,2.00E-01,-2.04E-01,1.62E-01,-4.66E-02,1.14E-01,1.08E-01,2.52E-02,1.91E-01,-5.07E-03,1.81E-01,5.43E-03,1.61E-01,2.78E-02,2.61E-01,-6.02E-02,1.55E-01,-5.26E-02,1.40E-01,-8.92E-02,1.29E-01,-5.71E-02,1.12E-01,-9.59E-02,8.51E-02,-1.03E-01,-7.99E-02,-1.16E-01,-2.47E-01,-1.03E-01,-4.10E-01,-8.36E-02,-3.90E-01,4.59E-02,7.79E-02,-5.75E-03,7.98E-02,1.08E-02,4.47E-02,2.28E-02,4.87E-02,-4.26E-03,5.00E-02,1.13E-02,7.24E-03,3.42E-02,1.77E-02,-2.35E-03,1.35E-02,1.87E-02,-2.89E-02,3.99E-02,-1.30E-02,-5.43E-03,-1.73E-02,1.98E-02,-6.25E-02,4.55E-02
Specimen 34,ArBo013,Bonita,Nonsulfidic,Surface,32,-0.30980392,1.505149978,0.576732013,109.3231162,85.56832695,132.8224777,71.7752235,156.5772669,58.62068966,178.4163474,41.1238825,189.6551724,31.54533844,187.7394636,34.22733078,185.6960409,41.25159642,197.7011494,17.49680715,183.1417625,21.4559387,180.0766284,15.70881226,180.0766284,21.83908046,175.862069,15.83652618,166.7943806,15.83652618,139.5913155,20.94508301,113.7931034,28.2247765,86.97318008,36.01532567,98.46743295,61.43039591,172.6692209,35.24904215,173.4355045,38.0587484,168.7100894,42.40102171,167.1775223,36.90932312,168.5823755,39.46360153,164.2401022,44.95530013,162.3243934,38.31417625,163.8569604,40.86845466,159.7701149,47.2541507,157.4712644,39.20817369,158.2375479,42.78416347,154.5338442,49.93614304,-3.51E-01,2.05E-01,-1.98E-01,1.56E-01,-4.47E-02,1.12E-01,1.03E-01,3.98E-02,1.80E-01,-5.06E-04,1.66E-01,1.24E-02,1.45E-01,5.00E-02,2.45E-01,-7.06E-02,1.56E-01,-6.69E-02,1.46E-01,-1.04E-01,1.38E-01,-6.87E-02,1.22E-01,-1.09E-01,6.97E-02,-1.20E-01,-9.31E-02,-1.27E-01,-2.51E-01,-1.19E-01,-4.15E-01,-1.09E-01,-3.82E-01,5.20E-02,7.81E-02,-1.41E-03,7.88E-02,1.57E-02,4.60E-02,3.45E-02,4.44E-02,9.51E-04,4.91E-02,1.74E-02,1.70E-02,4.33E-02,1.47E-02,2.68E-03,2.02E-02,1.93E-02,-1.16E-02,5.06E-02,-1.43E-02,1.48E-03,-1.46E-02,2.30E-02,-4.51E-02,5.92E-02
Specimen 58,ElAz022,EA,Sulfidic,Surface,30,-0.301029996,1.477121255,0.291161581,118.7739464,77.01149425,140.9961686,65.0063857,162.835249,53.00127714,182.7586207,35.50446999,194.2528736,27.5862069,193.8697318,28.60791826,192.5925926,31.41762452,202.5542784,17.36909323,182.3754789,23.88250319,178.6717752,20.17879949,179.3103448,24.90421456,175.2234994,20.94508301,175.862069,20.17879949,150.9578544,25.28735632,125.798212,29.88505747,100.3831418,33.46104725,109.9616858,56.32183908,175.2234994,32.95019157,175.862069,35.50446999,170.1149425,38.82503193,170.4980843,34.61047254,171.1366539,36.52618135,165.6449553,40.74074074,165.5172414,35.75989783,166.5389527,38.0587484,161.9412516,42.65644955,160.5363985,37.80332056,161.4303959,39.8467433,157.2158365,43.93358876,-3.62E-01,2.00E-01,-1.98E-01,1.55E-01,-3.60E-02,1.09E-01,1.21E-01,2.35E-02,2.09E-01,-1.13E-02,2.05E-01,-5.11E-03,1.92E-01,1.15E-02,2.79E-01,-6.60E-02,1.36E-01,-5.36E-02,1.18E-01,-8.35E-02,1.15E-01,-5.15E-02,9.39E-02,-8.37E-02,9.90E-02,-8.78E-02,-7.24E-02,-9.18E-02,-2.45E-01,-9.93E-02,-4.17E-01,-1.14E-01,-3.89E-01,5.08E-02,7.57E-02,-4.68E-03,7.60E-02,1.31E-02,3.33E-02,2.63E-02,4.21E-02,-8.82E-04,4.34E-02,1.27E-02,1.01E-03,3.22E-02,7.67E-03,-8.06E-04,1.09E-02,1.59E-02,-2.62E-02,3.92E-02,-2.81E-02,5.12E-03,-2.54E-02,1.99E-02,-5.92E-02,4.05E-02
Specimen 50,ElAz013,EA,Sulfidic,Surface,28,-0.301029996,1.447158031,0.731038723,107.0242656,83.78033206,131.2899106,71.51979566,155.8109834,59.77011494,176.8837803,39.8467433,188.8888889,30.52362708,188.5057471,32.69476373,185.8237548,35.63218391,197.7011494,19.66794381,183.3971903,23.37164751,181.2260536,19.92337165,181.3537676,23.88250319,176.6283525,19.41251596,168.4546616,19.15708812,141.5070243,24.5210728,113.7931034,29.37420179,86.97318008,34.09961686,97.31800766,60.1532567,172.541507,35.12132822,173.1800766,37.54789272,167.9438059,40.35759898,168.1992337,36.52618135,168.7100894,38.31417625,161.9412516,43.16730524,163.4738186,37.67560664,164.3678161,40.35759898,157.5989783,45.46615581,158.6206897,38.82503193,159.2592593,41.25159642,154.0229885,46.99872286,-3.61E-01,2.03E-01,-2.05E-01,1.60E-01,-4.85E-02,1.21E-01,9.80E-02,2.98E-02,1.79E-01,-1.03E-02,1.74E-01,1.94E-03,1.55E-01,1.59E-02,2.43E-01,-6.30E-02,1.56E-01,-5.85E-02,1.47E-01,-8.12E-02,1.43E-01,-5.79E-02,1.21E-01,-8.96E-02,7.35E-02,-1.01E-01,-8.99E-02,-1.02E-01,-2.57E-01,-1.06E-01,-4.19E-01,-1.11E-01,-3.90E-01,5.34E-02,7.83E-02,-2.93E-03,7.91E-02,1.20E-02,4.53E-02,2.21E-02,5.13E-02,8.62E-05,5.22E-02,1.11E-02,6.97E-03,3.14E-02,2.24E-02,1.16E-03,2.44E-02,1.79E-02,-2.11E-02,3.96E-02,-7.23E-03,2.08E-03,-6.40E-03,1.70E-02,-4.37E-02,4.43E-02
Specimen 35,ArBo014,Bonita,Nonsulfidic,Surface,31,-0.292429824,1.491361694,0.396014627,107.7905492,85.56832695,133.2056194,73.69093231,158.7484036,61.30268199,180.715198,41.1238825,193.8697318,30.651341,193.48659,32.43933589,191.8263091,38.44189017,202.0434227,17.87994891,190.1660281,20.68965517,187.4840358,15.83652618,187.100894,21.32822478,183.7803321,15.3256705,170.4980843,15.07024266,141.890166,21.07279693,114.1762452,27.5862069,86.07918263,33.58876117,97.5734355,61.43039591,178.5440613,33.20561941,179.4380587,35.88761175,175.862069,38.44189017,174.201788,35.63218391,174.5849298,37.4201788,169.2209451,44.06130268,169.6040868,36.39846743,169.8595147,39.59131545,165.0063857,45.72158365,164.3678161,37.93103448,165.0063857,40.22988506,160.0255428,48.14814815,-3.61E-01,1.97E-01,-2.10E-01,1.61E-01,-5.73E-02,1.23E-01,8.45E-02,3.85E-02,1.68E-01,-3.34E-03,1.63E-01,5.92E-03,1.48E-01,3.65E-02,2.26E-01,-6.32E-02,1.59E-01,-6.15E-02,1.50E-01,-9.08E-02,1.41E-01,-6.15E-02,1.30E-01,-9.77E-02,5.87E-02,-1.14E-01,-1.03E-01,-1.14E-01,-2.61E-01,-1.10E-01,-4.19E-01,-1.09E-01,-3.89E-01,5.43E-02,8.16E-02,-6.84E-03,8.34E-02,8.69E-03,6.11E-02,1.85E-02,5.54E-02,1.37E-03,5.54E-02,1.15E-02,1.89E-02,4.14E-02,2.96E-02,3.21E-04,2.74E-02,1.79E-02,-5.86E-03,4.56E-02,-5.08E-04,2.69E-03,3.46E-04,1.59E-02,-3.56E-02,5.31E-02
Specimen 36,ArBo015,Bonita,Nonsulfidic,Surface,32,-0.27572413,1.505149978,0.425545813,114.9425287,90.54916986,139.2081737,77.39463602,163.6015326,62.45210728,186.2068966,42.91187739,198.339719,34.22733078,197.5734355,35.88761175,194.3805875,42.01787995,208.4291188,22.73307791,191.954023,23.88250319,188.633461,17.87994891,188.2503193,24.13793103,184.2911877,17.87994891,176.2452107,16.34738186,147.6372925,20.94508301,120.6896552,28.60791826,93.61430396,36.27075351,103.8314176,62.5798212,180.0766284,37.03703704,180.3320562,39.97445722,175.3512133,43.16730524,175.862069,38.0587484,176.1174968,40.4853129,169.6040868,46.36015326,170.8812261,39.20817369,171.6475096,41.63473819,166.155811,47.12643678,166.155811,39.97445722,166.5389527,42.91187739,162.0689655,49.29757344,-3.52E-01,2.21E-01,-2.02E-01,1.75E-01,-4.80E-02,1.20E-01,1.01E-01,3.76E-02,1.79E-01,3.19E-03,1.73E-01,1.16E-02,1.48E-01,4.21E-02,2.48E-01,-4.93E-02,1.55E-01,-6.20E-02,1.44E-01,-9.94E-02,1.34E-01,-6.49E-02,1.19E-01,-1.04E-01,7.62E-02,-1.22E-01,-8.89E-02,-1.30E-01,-2.48E-01,-1.18E-01,-4.08E-01,-1.07E-01,-3.82E-01,5.17E-02,7.35E-02,-2.35E-03,7.16E-02,1.44E-02,4.00E-02,2.64E-02,4.88E-02,-1.54E-03,4.74E-02,1.23E-02,4.22E-03,3.75E-02,1.97E-02,-9.08E-04,2.11E-02,1.35E-02,-1.59E-02,3.78E-02,-7.63E-03,-2.12E-03,-8.90E-03,1.47E-02,-4.13E-02,4.52E-02
Specimen 33,ArBo012,Bonita,Nonsulfidic,Surface,31,-0.27572413,1.491361694,0.529255656,113.9208174,91.06002554,138.4418902,75.73435504,163.2183908,60.1532567,184.0357599,38.0587484,196.2962963,27.07535121,195.2745849,29.24648787,191.954023,36.65389527,204.4699872,14.17624521,190.293742,18.64623244,186.9731801,13.28224777,187.4840358,18.77394636,183.0140485,13.79310345,171.00894,14.04853129,142.2733078,21.20051086,115.0702427,31.80076628,88.50574713,42.52873563,101.9157088,67.94380587,176.5006386,33.58876117,177.7777778,36.39846743,172.7969349,41.50702427,172.2860792,35.12132822,172.7969349,37.93103448,168.3269476,44.57215837,167.0498084,36.65389527,168.1992337,40.35759898,161.9412516,38.31417625,162.5798212,41.63473819,164.1123883,47.2541507,159.642401,48.78671775,-3.55E-01,2.00E-01,-2.00E-01,1.59E-01,-4.41E-02,1.16E-01,1.02E-01,3.24E-02,1.84E-01,-6.10E-03,1.75E-01,3.76E-03,1.46E-01,3.76E-02,2.48E-01,-6.13E-02,1.66E-01,-6.04E-02,1.57E-01,-9.42E-02,1.51E-01,-6.43E-02,1.35E-01,-9.79E-02,7.13E-02,-1.16E-01,-9.24E-02,-1.24E-01,-2.54E-01,-1.12E-01,-4.12E-01,-9.77E-02,-3.82E-01,5.86E-02,6.90E-02,-3.45E-03,7.12E-02,1.35E-02,3.66E-02,3.25E-02,4.42E-02,-2.11E-03,4.24E-02,1.36E-02,7.99E-03,4.16E-02,1.40E-02,-2.40E-03,1.41E-02,1.91E-02,-1.58E-02,-1.70E-03,-1.77E-02,1.68E-02,-1.87E-02,4.90E-02,-4.48E-02,5.00E-02
Specimen 47,ElAz010,EA,Sulfidic,Surface,31,-0.26760624,1.491361694,0.454980229,117.3690932,83.90804598,140.357599,70.11494253,163.4738186,55.55555556,182.6309068,34.48275862,193.2311622,25.41507024,192.2094508,27.33077905,189.6551724,32.05619413,202.5542784,13.02681992,186.0791826,16.98595147,183.5249042,12.51596424,183.3971903,17.49680715,179.3103448,12.64367816,172.1583653,12.899106,144.9553001,18.51851852,119.412516,26.56449553,92.59259259,33.46104725,105.6194125,60.28097063,172.7969349,30.651341,174.0740741,33.46104725,168.9655172,40.10217114,168.9655172,32.43933589,169.7318008,35.63218391,165.0063857,43.29501916,163.3461047,34.09961686,164.49553,37.29246488,162.0689655,45.21072797,157.9821201,36.14303959,158.8761175,39.20817369,155.6832695,48.27586207,-3.43E-01,2.11E-01,-1.88E-01,1.68E-01,-3.11E-02,1.21E-01,1.13E-01,2.93E-02,1.89E-01,-6.30E-03,1.80E-01,3.16E-03,1.58E-01,2.64E-02,2.63E-01,-6.31E-02,1.61E-01,-6.65E-02,1.54E-01,-9.64E-02,1.45E-01,-6.78E-02,1.29E-01,-1.02E-01,8.72E-02,-1.12E-01,-7.92E-02,-1.23E-01,-2.40E-01,-1.17E-01,-4.06E-01,-1.20E-01,-3.73E-01,5.58E-02,6.26E-02,-8.55E-03,6.55E-02,9.74E-03,2.54E-02,4.00E-02,3.76E-02,-4.32E-03,3.69E-02,1.54E-02,-2.61E-03,5.22E-02,2.44E-03,-3.66E-03,4.00E-03,1.66E-02,-2.27E-02,5.86E-02,-3.19E-02,-3.84E-04,-3.16E-02,1.88E-02,-6.45E-02,6.61E-02
Specimen 52,ElAz015,EA,Sulfidic,Surface,33,-0.26760624,1.51851394,0.481399477,112.6436782,95.53001277,136.6538953,80.07662835,160.5363985,64.11238825,180.715198,40.74074074,193.3588761,29.37420179,192.2094508,31.41762452,190.5491699,36.27075351,200.6385696,18.13537676,184.5466156,23.75478927,180.715198,19.79565773,181.9923372,24.39335888,177.0114943,20.05108557,168.5823755,20.68965517,141.2515964,29.50191571,112.6436782,38.69731801,86.07918263,48.27586207,100.3831418,74.8403576,174.8403576,37.16475096,175.3512133,39.59131545,172.4137931,43.93358876,169.8595147,38.95274585,171.00894,41.89016603,167.688378,47.2541507,165.2618135,41.1238825,166.5389527,43.80587484,162.1966794,49.6807152,160.4086845,43.42273308,160.9195402,45.97701149,157.3435504,52.23499361,-3.62E-01,1.94E-01,-2.06E-01,1.56E-01,-4.93E-02,1.14E-01,1.01E-01,2.67E-02,1.89E-01,-1.07E-02,1.79E-01,-1.89E-03,1.62E-01,2.09E-02,2.49E-01,-5.72E-02,1.53E-01,-5.68E-02,1.39E-01,-8.49E-02,1.38E-01,-5.81E-02,1.19E-01,-9.03E-02,7.31E-02,-1.02E-01,-8.86E-02,-1.06E-01,-2.58E-01,-1.09E-01,-4.17E-01,-1.07E-01,-3.89E-01,6.11E-02,7.63E-02,-3.12E-03,7.46E-02,1.07E-02,5.09E-02,2.85E-02,4.65E-02,-2.72E-03,4.72E-02,1.50E-02,1.97E-02,3.75E-02,1.80E-02,4.17E-04,1.99E-02,1.70E-02,-1.40E-02,4.04E-02,-1.21E-02,3.77E-03,-1.40E-02,1.83E-02,-4.46E-02,4.51E-02
Specimen 45,ElAz008,EA,Sulfidic,Surface,31,-0.259637311,1.491361694,0.789345402,124.9042146,83.78033206,147.3818646,69.98722861,168.7100894,55.42784163,187.2286079,34.73818646,197.4457216,22.22222222,197.7011494,24.39335888,195.6577267,28.48020434,202.4265645,9.578544061,188.761175,16.85823755,185.5683269,12.64367816,186.4623244,17.75223499,181.9923372,13.28224777,174.8403576,14.04853129,148.7867178,20.30651341,123.1162197,28.2247765,98.72286079,37.29246488,113.0268199,61.55810983,181.8646232,28.60791826,183.5249042,31.03448276,180.3320562,35.24904215,178.0332056,31.2899106,179.054917,33.7164751,173.8186462,40.86845466,173.1800766,32.82247765,174.5849298,35.75989783,170.1149425,43.93358876,167.4329502,35.75989783,168.5823755,38.18646232,165.6449553,46.99872286,-3.56E-01,1.98E-01,-1.99E-01,1.63E-01,-4.77E-02,1.22E-01,9.99E-02,3.94E-02,1.83E-01,-1.25E-02,1.81E-01,5.35E-04,1.61E-01,2.00E-02,2.37E-01,-7.54E-02,1.44E-01,-6.06E-02,1.34E-01,-9.12E-02,1.29E-01,-6.00E-02,1.12E-01,-9.46E-02,6.95E-02,-1.04E-01,-9.29E-02,-1.20E-01,-2.56E-01,-1.25E-01,-4.15E-01,-1.21E-01,-3.80E-01,4.69E-02,8.11E-02,-6.56E-03,8.59E-02,1.07E-02,5.91E-02,2.86E-02,5.37E-02,1.29E-03,5.48E-02,1.73E-02,1.05E-02,4.81E-02,2.28E-02,5.12E-04,2.50E-02,2.02E-02,-1.69E-02,5.84E-02,-1.61E-02,6.04E-03,-1.43E-02,2.23E-02,-4.87E-02,6.72E-02
Specimen 29,ArBo008,Bonita,Nonsulfidic,Surface,31,-0.244125144,1.491361694,0.500048635,106.7688378,86.84546616,130.7790549,75.22349936,154.2784163,62.70753512,174.4572158,43.16730524,184.2911877,35.12132822,183.5249042,37.16475096,179.5657727,43.80587484,194.5083014,22.60536398,182.247765,24.64878672,179.054917,19.41251596,179.4380587,24.39335888,174.9680715,18.64623244,163.9846743,17.87994891,137.037037,22.73307791,111.1111111,29.24648787,84.16347382,34.48275862,96.9348659,64.36781609,165.0063857,38.95274585,166.0280971,42.01787995,159.642401,47.89272031,160.5363985,40.22988506,161.4303959,43.29501916,156.0664112,50.06385696,155.8109834,41.25159642,156.8326948,44.31673052,151.9795658,51.85185185,150.7024266,43.03959132,151.7241379,46.10472542,148.2758621,53.3844189,-3.36E-01,2.09E-01,-1.82E-01,1.69E-01,-3.00E-02,1.23E-01,1.11E-01,3.18E-02,1.78E-01,-4.00E-03,1.71E-01,7.08E-03,1.40E-01,4.14E-02,2.52E-01,-6.55E-02,1.78E-01,-6.77E-02,1.65E-01,-1.02E-01,1.62E-01,-7.24E-02,1.42E-01,-1.11E-01,7.88E-02,-1.28E-01,-8.47E-02,-1.31E-01,-2.44E-01,-1.23E-01,-4.08E-01,-1.24E-01,-3.68E-01,6.62E-02,6.04E-02,-3.87E-03,6.29E-02,1.53E-02,1.87E-02,4.23E-02,3.28E-02,-1.56E-03,3.45E-02,1.74E-02,-4.79E-03,5.09E-02,3.90E-03,-1.03E-03,6.33E-03,1.81E-02,-3.08E-02,5.66E-02,-2.81E-02,3.53E-03,-2.57E-02,2.27E-02,-5.43E-02,6.13E-02
Specimen 32,ArBo011,Bonita,Nonsulfidic,Surface,33,-0.229147988,1.51851394,0.511004057,125.2873563,88.76117497,147.8927203,73.56321839,170.4980843,58.8761175,190.9323116,39.46360153,201.1494253,30.39591315,200.1277139,32.82247765,197.7011494,39.33588761,209.3231162,15.70881226,195.9131545,19.92337165,192.2094508,14.81481481,192.5925926,20.56194125,187.4840358,14.55938697,178.2886335,15.83652618,151.4687101,23.24393359,126.0536398,33.33333333,100,41.89016603,113.4099617,66.53895275,184.5466156,33.97190294,185.5683269,36.39846743,181.0983397,41.89016603,179.6934866,35.88761175,181.0983397,38.56960409,175.862069,45.21072797,176.3729246,37.54789272,176.6283525,40.4853129,171.9029374,47.2541507,171.00894,39.08045977,171.9029374,42.14559387,168.3269476,48.78671775,-3.53E-01,2.03E-01,-2.00E-01,1.56E-01,-4.66E-02,1.12E-01,1.02E-01,3.69E-02,1.75E-01,3.12E-03,1.66E-01,1.51E-02,1.41E-01,4.77E-02,2.47E-01,-6.59E-02,1.64E-01,-6.50E-02,1.52E-01,-1.00E-01,1.44E-01,-6.71E-02,1.25E-01,-1.10E-01,7.12E-02,-1.18E-01,-9.30E-02,-1.22E-01,-2.54E-01,-1.09E-01,-4.16E-01,-1.05E-01,-3.82E-01,5.70E-02,7.55E-02,-5.12E-03,7.71E-02,1.03E-02,4.24E-02,3.37E-02,4.48E-02,-2.61E-03,4.81E-02,1.50E-02,7.16E-03,4.35E-02,2.32E-02,1.08E-03,1.96E-02,1.81E-02,-1.87E-02,4.83E-02,-9.77E-03,5.49E-04,-9.97E-03,1.94E-02,-4.16E-02,5.08E-02
Specimen 46,ElAz009,EA,Sulfidic,Surface,32,-0.214670165,1.505149978,0.602927626,116.091954,92.59259259,138.0587484,77.52234994,159.3869732,62.5798212,178.1609195,43.03959132,188.2503193,33.46104725,187.8671775,35.12132822,185.9514687,39.59131545,195.9131545,20.68965517,180.3320562,26.69220945,177.7777778,22.60536398,178.1609195,27.20306513,173.4355045,22.34993614,166.6666667,22.34993614,140.7407407,29.11877395,115.9642401,38.44189017,92.08173691,49.16985951,104.4699872,71.64750958,169.7318008,39.08045977,170.6257982,41.89016603,164.49553,47.89272031,165.7726692,41.1238825,166.0280971,43.67816092,161.8135377,50.44699872,161.302682,43.03959132,162.0689655,45.21072797,157.9821201,52.7458493,156.0664112,44.82758621,156.9604087,47.63729246,153.6398467,56.06641124,-3.52E-01,2.04E-01,-1.93E-01,1.58E-01,-3.77E-02,1.11E-01,1.11E-01,3.25E-02,1.90E-01,-4.33E-03,1.84E-01,4.73E-03,1.64E-01,2.74E-02,2.60E-01,-6.48E-02,1.56E-01,-5.98E-02,1.49E-01,-8.90E-02,1.42E-01,-6.10E-02,1.24E-01,-9.90E-02,8.41E-02,-1.12E-01,-8.23E-02,-1.23E-01,-2.47E-01,-1.16E-01,-4.09E-01,-9.98E-02,-3.80E-01,5.72E-02,6.95E-02,-7.38E-03,6.92E-02,1.10E-02,2.13E-02,3.44E-02,4.21E-02,-3.06E-03,3.86E-02,1.25E-02,4.42E-04,4.43E-02,1.19E-02,-4.96E-04,1.22E-02,1.38E-02,-2.67E-02,5.03E-02,-2.25E-02,-1.83E-04,-2.27E-02,1.82E-02,-5.88E-02,6.14E-02
Specimen 55,ElAz019,EA,Sulfidic,Surface,33,-0.200659451,1.51851394,0.38013222,116.6028097,75.73435504,139.5913155,63.2183908,161.0472542,49.80842912,179.9489144,28.99106003,191.1877395,19.28480204,189.6551724,21.58365262,187.4840358,25.03192848,198.2120051,8.812260536,180.0766284,15.19795658,177.1392082,11.62196679,177.2669221,15.9642401,172.7969349,12.13282248,170.6257982,12.00510856,145.3384419,19.0293742,121.5836526,28.48020434,98.08429119,38.31417625,106.51341,55.68326948,171.7752235,26.18135377,172.7969349,29.37420179,167.1775223,33.07790549,167.1775223,28.2247765,167.5606641,31.2899106,162.7075351,36.27075351,162.3243934,30.14048531,163.4738186,32.31162197,158.6206897,37.93103448,156.9604087,32.56704981,157.4712644,34.9936143,153.3844189,40.35759898,-3.67E-01,1.89E-01,-1.99E-01,1.57E-01,-3.92E-02,1.18E-01,1.20E-01,2.65E-02,2.09E-01,-1.10E-02,1.95E-01,1.26E-04,1.75E-01,1.72E-02,2.74E-01,-6.19E-02,1.49E-01,-5.88E-02,1.38E-01,-8.69E-02,1.30E-01,-5.97E-02,1.10E-01,-9.25E-02,9.63E-02,-9.77E-02,-7.46E-02,-1.05E-01,-2.41E-01,-9.44E-02,-4.07E-01,-8.07E-02,-3.89E-01,4.41E-02,7.50E-02,-7.40E-03,7.49E-02,1.44E-02,3.26E-02,2.61E-02,4.24E-02,-3.99E-03,3.86E-02,1.58E-02,-1.56E-03,3.69E-02,8.40E-03,-1.89E-03,1.12E-02,1.39E-02,-3.02E-02,3.90E-02,-2.97E-02,2.35E-03,-3.14E-02,1.84E-02,-6.76E-02,4.35E-02
Specimen 41,ElAz004,EA,Sulfidic,Surface,33,-0.200659451,1.51851394,0.835116722,104.0868455,97.95657727,127.5862069,85.18518519,151.7241379,70.62579821,171.7752235,50.3192848,186.3346105,35.88761175,186.0791826,37.67560664,183.5249042,42.40102171,190.0383142,26.94763729,174.7126437,30.26819923,169.7318008,25.03192848,171.1366539,30.651341,166.5389527,25.03192848,159.2592593,25.54278416,132.183908,32.82247765,105.7471264,42.14559387,79.69348659,50.06385696,92.59259259,76.24521073,168.7100894,41.50702427,169.7318008,43.93358876,165.6449553,48.53128991,164.49553,44.06130268,165.3895275,46.36015326,160.2809706,52.61813538,159.8978289,45.97701149,160.5363985,48.65900383,156.1941252,55.42784163,154.789272,47.76500639,155.1724138,50.06385696,151.596424,58.74840358,-3.64E-01,1.91E-01,-2.14E-01,1.61E-01,-5.64E-02,1.23E-01,8.83E-02,4.66E-02,1.93E-01,-7.25E-03,1.88E-01,2.10E-03,1.66E-01,2.36E-02,2.28E-01,-4.98E-02,1.39E-01,-5.80E-02,1.21E-01,-9.52E-02,1.19E-01,-6.21E-02,1.03E-01,-1.01E-01,6.25E-02,-1.10E-01,-9.82E-02,-1.17E-01,-2.59E-01,-1.12E-01,-4.15E-01,-1.13E-01,-3.90E-01,5.20E-02,8.66E-02,-6.87E-03,8.80E-02,8.17E-03,5.77E-02,2.63E-02,5.91E-02,-1.69E-04,6.01E-02,1.40E-02,2.14E-02,3.94E-02,3.07E-02,2.39E-03,2.96E-02,1.82E-02,-5.85E-03,4.77E-02,-3.45E-04,3.38E-03,-2.20E-03,1.66E-02,-3.67E-02,5.79E-02
Specimen 42,ElAz005,EA,Sulfidic,Surface,33,-0.193820026,1.51851394,0.460416475,107.4074074,98.97828863,129.5019157,82.50319285,150.9578544,65.13409962,168.1992337,42.14559387,179.5657727,29.11877395,179.3103448,30.77905492,177.0114943,35.75989783,184.2911877,15.9642401,168.8378033,24.90421456,165.7726692,21.20051086,166.155811,25.67049808,160.9195402,21.32822478,155.3001277,21.96679438,128.3524904,31.2899106,102.0434227,41.37931034,75.86206897,51.72413793,92.84802043,77.26692209,162.5798212,38.56960409,163.6015326,40.61302682,160.1532567,45.46615581,158.8761175,41.25159642,160.0255428,43.29501916,153.3844189,49.6807152,154.1507024,43.67816092,154.916986,45.84929757,150.4469987,51.72413793,148.5312899,45.84929757,149.936143,48.53128991,145.3384419,55.30012771,-3.54E-01,2.01E-01,-1.98E-01,1.62E-01,-4.38E-02,1.17E-01,1.01E-01,3.23E-02,1.91E-01,-1.22E-02,1.86E-01,-3.87E-03,1.62E-01,1.78E-02,2.46E-01,-7.23E-02,1.43E-01,-5.90E-02,1.35E-01,-8.58E-02,1.27E-01,-6.09E-02,1.08E-01,-9.60E-02,7.65E-02,-1.05E-01,-8.93E-02,-1.16E-01,-2.53E-01,-1.20E-01,-4.17E-01,-1.24E-01,-3.84E-01,5.18E-02,7.83E-02,4.15E-04,7.92E-02,1.37E-02,4.98E-02,3.20E-02,5.24E-02,6.51E-03,5.40E-02,2.01E-02,3.94E-03,3.95E-02,2.15E-02,8.94E-03,2.08E-02,2.23E-02,-1.65E-02,4.39E-02,-1.36E-02,7.99E-03,-1.20E-02,2.56E-02,-5.19E-02,5.16E-02
Specimen 39,ElAz002,EA,Sulfidic,Surface,31,-0.167491087,1.491361694,0.244014795,120.5619413,105.3639847,143.0395913,88.12260536,164.1123883,71.1366539,181.3537676,47.2541507,191.1877395,36.7816092,191.1877395,39.20817369,189.3997446,44.57215837,197.9565773,21.96679438,181.8646232,29.11877395,177.7777778,24.39335888,178.9272031,30.01277139,173.8186462,25.54278416,167.816092,26.30906769,142.0178799,37.16475096,115.7088123,47.2541507,89.91060026,58.62068966,106.1302682,83.52490421,174.4572158,43.03959132,175.4789272,45.72158365,170.6257982,51.72413793,169.6040868,45.33844189,170.8812261,47.89272031,166.5389527,55.42784163,165.0063857,47.89272031,166.155811,50.44699872,162.4521073,59.00383142,159.3869732,50.44699872,160.9195402,53.00127714,157.9821201,61.17496807,-3.54E-01,2.06E-01,-1.94E-01,1.65E-01,-4.15E-02,1.22E-01,1.06E-01,3.26E-02,1.83E-01,-1.25E-03,1.77E-01,1.18E-02,1.56E-01,3.66E-02,2.53E-01,-6.55E-02,1.50E-01,-6.39E-02,1.39E-01,-9.87E-02,1.33E-01,-6.58E-02,1.15E-01,-1.02E-01,8.12E-02,-1.11E-01,-8.26E-02,-1.12E-01,-2.47E-01,-1.18E-01,-4.12E-01,-1.16E-01,-3.82E-01,5.56E-02,7.86E-02,-5.88E-03,7.80E-02,1.09E-02,3.81E-02,3.21E-02,4.72E-02,-4.62E-03,4.82E-02,1.21E-02,7.58E-03,4.27E-02,1.66E-02,-1.40E-03,1.69E-02,1.50E-02,-2.26E-02,5.26E-02,-1.95E-02,-5.19E-04,-1.71E-02,1.67E-02,-5.17E-02,5.40E-02
Specimen 31,ArBo010,Bonita,Nonsulfidic,Surface,35,-0.167491087,1.544068044,0.407455336,111.238825,80.45977011,135.6321839,66.41123883,160.1532567,53.00127714,183.0140485,34.48275862,194.6360153,25.67049808,193.48659,28.09706258,190.1660281,34.22733078,204.4699872,13.28224777,190.293742,16.47509579,187.8671775,11.74968072,187.4840358,16.21966794,183.5249042,10.85568327,173.4355045,10.34482759,144.6998723,14.17624521,117.752235,21.20051086,90.8045977,27.84163474,100.8939974,53.25670498,176.6283525,28.2247765,177.394636,31.67305236,170.6257982,36.65389527,172.541507,29.75734355,173.4355045,33.07790549,166.155811,38.31417625,167.4329502,31.03448276,167.816092,34.22733078,161.8135377,40.99616858,161.8135377,32.56704981,162.5798212,35.50446999,156.3218391,42.14559387,-3.52E-01,2.16E-01,-1.99E-01,1.63E-01,-4.58E-02,1.14E-01,1.03E-01,3.34E-02,1.79E-01,-3.88E-03,1.69E-01,8.59E-03,1.44E-01,3.97E-02,2.47E-01,-6.33E-02,1.64E-01,-6.05E-02,1.55E-01,-8.98E-02,1.48E-01,-6.50E-02,1.32E-01,-9.96E-02,7.52E-02,-1.13E-01,-9.13E-02,-1.23E-01,-2.51E-01,-1.12E-01,-4.11E-01,-1.03E-01,-3.81E-01,5.12E-02,7.40E-02,-8.81E-03,7.46E-02,1.15E-02,3.10E-02,3.24E-02,4.93E-02,-4.55E-03,5.07E-02,1.52E-02,3.96E-03,3.69E-02,1.90E-02,-2.83E-03,1.77E-02,1.56E-02,-2.35E-02,4.74E-02,-1.44E-02,-2.10E-04,-1.32E-02,1.72E-02,-5.57E-02,4.80E-02
Specimen 57,ElAz021,EA,Sulfidic,Surface,34,-0.142667504,1.531478917,0.290022964,107.6628352,92.84802043,132.311622,79.05491699,157.2158365,63.85696041,178.6717752,42.27330779,191.0600255,31.16219668,190.1660281,32.95019157,187.8671775,38.0587484,199.4891443,19.41251596,182.7586207,23.37164751,179.054917,18.13537676,179.054917,23.75478927,173.9463602,18.00766284,167.1775223,18.13537676,138.697318,26.18135377,111.366539,35.63218391,83.65261814,44.44444444,96.16858238,70.62579821,171.3920817,37.54789272,172.541507,40.35759898,166.2835249,45.08301405,166.5389527,39.33588761,167.3052363,42.65644955,162.1966794,48.40357599,160.9195402,41.76245211,161.8135377,44.44444444,157.8544061,50.3192848,155.5555556,43.67816092,156.0664112,45.97701149,152.4904215,52.23499361,-3.56E-01,1.96E-01,-2.02E-01,1.60E-01,-4.36E-02,1.17E-01,1.06E-01,3.40E-02,1.90E-01,-6.51E-03,1.83E-01,1.73E-03,1.62E-01,2.57E-02,2.54E-01,-5.67E-02,1.58E-01,-6.15E-02,1.46E-01,-9.56E-02,1.37E-01,-6.53E-02,1.18E-01,-1.04E-01,8.17E-02,-1.14E-01,-8.45E-02,-1.15E-01,-2.47E-01,-1.07E-01,-4.10E-01,-1.03E-01,-3.83E-01,5.78E-02,7.41E-02,-2.87E-03,7.59E-02,1.41E-02,3.47E-02,2.98E-02,4.51E-02,-8.22E-04,4.40E-02,1.83E-02,7.46E-03,4.13E-02,1.10E-02,3.47E-03,1.16E-02,1.93E-02,-1.90E-02,4.48E-02,-2.10E-02,5.40E-03,-2.18E-02,1.86E-02,-5.09E-02,4.68E-02
Specimen 30,ArBo009,Bonita,Nonsulfidic,Surface,39,-0.036212173,1.591064607,0.378179453,116.8582375,88.63346105,141.7624521,76.50063857,166.155811,63.47381865,188.1226054,42.65644955,198.7228608,34.22733078,199.7445722,35.50446999,196.6794381,41.89016603,209.1954023,21.4559387,193.7420179,23.37164751,193.2311622,19.0293742,191.0600255,22.86079183,188.761175,17.36909323,177.394636,15.70881226,148.7867178,19.79565773,122.3499361,26.30906769,94.63601533,32.69476373,106.51341,62.45210728,181.9923372,36.27075351,182.6309068,39.08045977,179.3103448,41.50702427,178.0332056,37.03703704,178.4163474,40.35759898,172.7969349,46.23243934,172.7969349,38.56960409,173.5632184,41.63473819,167.5606641,49.16985951,167.688378,40.10217114,168.7100894,43.03959132,163.9846743,51.34099617,-3.48E-01,2.15E-01,-1.96E-01,1.75E-01,-4.58E-02,1.29E-01,9.93E-02,3.72E-02,1.68E-01,1.82E-03,1.72E-01,1.01E-02,1.48E-01,4.23E-02,2.40E-01,-5.79E-02,1.52E-01,-6.41E-02,1.54E-01,-8.89E-02,1.37E-01,-6.99E-02,1.30E-01,-1.03E-01,6.90E-02,-1.25E-01,-9.48E-02,-1.33E-01,-2.49E-01,-1.26E-01,-4.11E-01,-1.20E-01,-3.77E-01,5.82E-02,7.21E-02,-5.08E-03,7.26E-02,1.13E-02,5.15E-02,2.12E-02,4.92E-02,-5.13E-03,4.77E-02,1.38E-02,1.00E-02,4.04E-02,1.84E-02,-2.32E-03,1.93E-02,1.56E-02,-2.24E-02,5.10E-02,-1.17E-02,6.30E-04,-9.27E-03,1.81E-02,-4.47E-02,5.92E-02
Specimen 44,ElAz007,EA,Sulfidic,Surface,36,-0.031517051,1.556302501,0.324683339,125.4150702,93.10344828,147.1264368,77.01149425,168.5823755,60.1532567,185.440613,37.80332056,195.6577267,27.5862069,195.5300128,29.50191571,194.2528736,33.97190294,202.8097063,14.55938697,187.6117497,20.94508301,184.1634738,16.47509579,184.5466156,21.07279693,181.0983397,16.98595147,173.3077905,17.11366539,147.1264368,25.54278416,120.6896552,34.73818646,95.65772669,45.08301405,112.1328225,70.49808429,177.7777778,33.84418902,178.9272031,36.65389527,175.3512133,40.86845466,173.3077905,36.39846743,174.7126437,38.82503193,168.9655172,45.97701149,168.4546616,38.31417625,169.348659,41.50702427,165.2618135,48.27586207,163.6015326,41.89016603,164.2401022,43.93358876,160.9195402,50.83014049,-3.47E-01,2.13E-01,-1.91E-01,1.69E-01,-3.53E-02,1.20E-01,1.07E-01,3.09E-02,1.86E-01,-4.57E-03,1.81E-01,5.89E-03,1.64E-01,2.82E-02,2.53E-01,-6.23E-02,1.55E-01,-5.89E-02,1.45E-01,-9.13E-02,1.37E-01,-6.47E-02,1.27E-01,-9.49E-02,8.27E-02,-1.11E-01,-8.19E-02,-1.19E-01,-2.50E-01,-1.24E-01,-4.12E-01,-1.19E-01,-3.74E-01,5.82E-02,7.22E-02,-7.53E-03,7.26E-02,1.07E-02,4.36E-02,2.67E-02,4.17E-02,-2.72E-03,4.44E-02,1.39E-02,-3.00E-03,4.17E-02,1.04E-02,-2.31E-03,8.64E-03,1.75E-02,-2.86E-02,4.67E-02,-2.44E-02,7.40E-03,-2.51E-02,2.02E-02,-5.84E-02,5.18E-02
Specimen 49,ElAz012,EA,Sulfidic,Surface,37,0.00001,1.568201724,0.66777173,92.84802043,97.95657727,121.8390805,81.48148148,150.7024266,65.38952746,174.5849298,40.74074074,189.2720307,25.28735632,188.761175,28.2247765,186.7177522,32.43933589,196.6794381,12.77139208,179.8212005,17.75223499,176.8837803,13.02681992,176.6283525,18.3908046,172.541507,13.66538953,160.2809706,14.17624521,127.2030651,23.11621967,96.04086845,33.97190294,65.51724138,46.87100894,80.58748404,74.71264368,170.8812261,31.03448276,171.6475096,33.58876117,167.9438059,37.4201788,166.155811,33.58876117,167.5606641,35.63218391,162.5798212,42.91187739,162.0689655,35.12132822,162.835249,37.93103448,158.4929757,45.33844189,157.4712644,37.03703704,157.9821201,40.10217114,154.1507024,47.89272031,-3.77E-01,1.84E-01,-2.19E-01,1.51E-01,-6.14E-02,1.20E-01,8.58E-02,4.26E-02,1.77E-01,-6.50E-03,1.70E-01,6.27E-03,1.54E-01,2.27E-02,2.30E-01,-5.31E-02,1.44E-01,-5.55E-02,1.38E-01,-8.17E-02,1.29E-01,-5.73E-02,1.17E-01,-8.53E-02,5.97E-02,-1.01E-01,-1.06E-01,-1.10E-01,-2.66E-01,-1.07E-01,-4.26E-01,-9.30E-02,-3.99E-01,5.81E-02,8.32E-02,-7.62E-03,8.29E-02,5.33E-03,6.00E-02,1.75E-02,5.75E-02,-2.96E-03,6.09E-02,8.61E-03,2.70E-02,3.47E-02,3.63E-02,-2.02E-03,3.56E-02,1.21E-02,4.46E-03,3.98E-02,1.22E-02,-9.16E-05,9.95E-03,1.48E-02,-1.94E-02,4.50E-02
Specimen 28,ArBo007,Bonita,Nonsulfidic,Surface,37,0.012837225,1.568201724,0.39846057,114.0485313,89.78288633,138.697318,77.39463602,161.0472542,63.34610473,181.4814815,42.27330779,191.8263091,33.84418902,191.0600255,36.39846743,188.1226054,41.50702427,200.5108557,20.17879949,187.6117497,23.49936143,186.0791826,18.13537676,184.4189017,23.49936143,181.6091954,17.36909323,169.2209451,15.83652618,142.4010217,22.0945083,117.1136654,28.8633461,89.52745849,34.61047254,102.9374202,64.62324393,172.6692209,37.67560664,173.8186462,40.61302682,169.9872286,45.33844189,169.2209451,38.95274585,169.9872286,41.76245211,165.6449553,48.14814815,164.3678161,40.74074074,165.3895275,43.80587484,161.302682,50.19157088,159.2592593,41.50702427,160.4086845,44.82758621,156.449553,52.36270754,-3.41E-01,2.16E-01,-1.84E-01,1.78E-01,-3.86E-02,1.27E-01,1.05E-01,3.38E-02,1.75E-01,-7.41E-04,1.68E-01,1.28E-02,1.44E-01,3.81E-02,2.43E-01,-6.73E-02,1.65E-01,-6.52E-02,1.63E-01,-9.78E-02,1.47E-01,-6.94E-02,1.39E-01,-1.08E-01,7.00E-02,-1.33E-01,-9.10E-02,-1.32E-01,-2.44E-01,-1.27E-01,-4.09E-01,-1.30E-01,-3.72E-01,5.86E-02,6.12E-02,-3.91E-03,6.39E-02,1.43E-02,3.59E-02,3.63E-02,3.98E-02,-1.13E-03,4.05E-02,1.59E-02,7.42E-03,4.66E-02,9.83E-03,2.72E-03,1.16E-02,2.15E-02,-2.00E-02,5.26E-02,-2.03E-02,4.27E-04,-1.81E-02,2.08E-02,-5.05E-02,5.86E-02
Specimen 43,ElAz006,EA,Sulfidic,Surface,40,0.025305865,1.602059991,0.374075909,126.0536398,100.1277139,148.6590038,81.99233716,171.6475096,63.72924649,188.8888889,37.4201788,199.4891443,25.67049808,199.7445722,28.2247765,198.2120051,32.18390805,206.8965517,10.85568327,190.1660281,18.64623244,185.3128991,14.94252874,187.3563218,19.66794381,180.8429119,15.83652618,175.2234994,15.9642401,147.3818646,26.81992337,119.1570881,37.03703704,91.18773946,46.87100894,109.1954023,75.22349936,179.3103448,35.37675607,180.4597701,37.54789272,173.8186462,45.21072797,174.3295019,37.54789272,175.3512133,40.35759898,170.1149425,48.78671775,168.9655172,40.61302682,169.8595147,43.03959132,166.4112388,50.95785441,163.6015326,43.16730524,165.0063857,45.46615581,162.0689655,54.02298851,-3.41E-01,2.16E-01,-1.87E-01,1.71E-01,-3.12E-02,1.26E-01,1.13E-01,2.85E-02,1.92E-01,-9.03E-03,1.87E-01,4.55E-03,1.71E-01,2.15E-02,2.61E-01,-6.90E-02,1.59E-01,-6.46E-02,1.42E-01,-9.38E-02,1.42E-01,-6.54E-02,1.17E-01,-9.87E-02,8.82E-02,-1.10E-01,-7.69E-02,-1.14E-01,-2.43E-01,-1.21E-01,-4.06E-01,-1.30E-01,-3.74E-01,5.28E-02,6.81E-02,-2.21E-03,6.93E-02,1.13E-02,1.92E-02,3.64E-02,3.80E-02,-1.66E-03,3.73E-02,1.49E-02,-7.27E-03,4.68E-02,4.15E-03,2.63E-03,3.58E-03,1.69E-02,-3.08E-02,5.00E-02,-2.86E-02,4.32E-03,-2.63E-02,1.90E-02,-5.95E-02,5.65E-02
Specimen 27,ArBo006,Bonita,Nonsulfidic,Surface,38,0.033423755,1.579783597,0.428685629,109.0676884,93.10344828,134.3550447,80.33205619,159.3869732,66.53895275,181.4814815,46.23243934,192.8480204,36.27075351,192.2094508,38.31417625,189.1443167,44.44444444,203.0651341,23.88250319,184.6743295,27.20306513,181.4814815,21.83908046,181.7369093,27.07535121,177.1392082,21.4559387,170.7535121,20.81736909,141.890166,25.67049808,114.4316731,33.33333333,87.100894,40.4853129,98.46743295,67.94380587,175.4789272,39.8467433,175.862069,42.91187739,169.9872286,47.63729246,170.7535121,41.25159642,171.00894,44.31673052,165.0063857,49.6807152,165.6449553,42.40102171,166.2835249,45.46615581,160.6641124,52.10727969,159.8978289,44.31673052,160.9195402,46.99872286,156.0664112,54.40613027,-3.56E-01,2.07E-01,-1.99E-01,1.68E-01,-4.32E-02,1.24E-01,1.05E-01,3.89E-02,1.81E-01,-1.97E-03,1.74E-01,8.55E-03,1.50E-01,3.87E-02,2.53E-01,-5.77E-02,1.47E-01,-6.26E-02,1.36E-01,-9.63E-02,1.31E-01,-6.70E-02,1.12E-01,-1.04E-01,7.76E-02,-1.16E-01,-8.85E-02,-1.25E-01,-2.50E-01,-1.17E-01,-4.11E-01,-1.12E-01,-3.83E-01,5.44E-02,7.98E-02,-4.09E-03,7.80E-02,1.34E-02,3.95E-02,3.22E-02,5.18E-02,-2.27E-03,4.93E-02,1.50E-02,9.29E-03,3.72E-02,2.20E-02,-2.35E-03,2.17E-02,1.54E-02,-1.78E-02,4.52E-02,-1.23E-02,1.01E-03,-9.98E-03,1.72E-02,-4.62E-02,5.21E-02
Specimen 40,ElAz003,EA,Sulfidic,Surface,29,0.037426498,1.462397998,0.320533494,107.2796935,97.31800766,132.8224777,80.33205619,159.3869732,65.0063857,182.1200511,41.76245211,195.9131545,28.8633461,195.0191571,30.90676884,192.3371648,36.01532567,203.192848,15.58109834,184.9297573,21.58365262,182.247765,17.24137931,182.247765,21.96679438,177.394636,17.11366539,169.7318008,17.11366539,138.4418902,24.26564496,110.0893997,36.01532567,80.84291188,47.63729246,93.99744572,72.28607918,174.5849298,35.37675607,174.8403576,38.44189017,169.7318008,43.67816092,169.7318008,36.90932312,170.2426564,40.10217114,164.8786718,46.6155811,164.6232439,39.33588761,165.0063857,42.14559387,160.9195402,49.29757344,158.7484036,40.86845466,159.3869732,43.29501916,155.6832695,51.72413793,-3.61E-01,1.99E-01,-2.06E-01,1.54E-01,-4.80E-02,1.19E-01,1.03E-01,3.86E-02,1.93E-01,-4.33E-03,1.85E-01,4.52E-03,1.64E-01,2.60E-02,2.50E-01,-5.96E-02,1.49E-01,-5.83E-02,1.43E-01,-8.44E-02,1.35E-01,-6.06E-02,1.18E-01,-9.27E-02,7.99E-02,-1.05E-01,-8.87E-02,-1.18E-01,-2.50E-01,-1.04E-01,-4.15E-01,-9.23E-02,-3.88E-01,5.25E-02,7.54E-02,-5.38E-03,7.18E-02,1.04E-02,3.78E-02,2.87E-02,4.85E-02,-5.36E-03,4.60E-02,1.15E-02,8.77E-03,3.57E-02,1.90E-02,-1.26E-03,1.65E-02,1.35E-02,-1.54E-02,4.29E-02,-1.29E-02,-2.86E-03,-1.36E-02,1.04E-02,-4.55E-02,4.69E-02
Specimen 25,ArBo004,Bonita,Nonsulfidic,Surface,40,0.113943352,1.602059991,0.564605027,97.70114943,97.44572158,125.0319285,81.73690932,152.4904215,66.2835249,177.394636,46.23243934,191.4431673,36.52618135,191.1877395,38.31417625,187.8671775,44.31673052,201.660281,22.86079183,187.4840358,25.79821201,184.8020434,21.58365262,184.5466156,26.18135377,181.8646232,21.96679438,166.5389527,21.58365262,135.8876117,27.71392082,105.2362708,36.14303959,74.8403576,43.93358876,86.46232439,72.03065134,171.9029374,39.8467433,172.9246488,42.52873563,167.0498084,46.6155811,167.3052363,40.61302682,167.816092,44.31673052,161.0472542,49.55300128,161.8135377,42.65644955,162.962963,46.23243934,156.9604087,51.59642401,157.2158365,44.31673052,157.9821201,47.76500639,152.7458493,53.12899106,-3.63E-01,2.01E-01,-2.09E-01,1.53E-01,-5.35E-02,1.05E-01,9.38E-02,3.16E-02,1.75E-01,-1.75E-03,1.72E-01,6.96E-03,1.49E-01,3.35E-02,2.42E-01,-5.92E-02,1.67E-01,-6.00E-02,1.58E-01,-8.42E-02,1.52E-01,-6.14E-02,1.43E-01,-8.55E-02,6.64E-02,-1.04E-01,-9.45E-02,-1.07E-01,-2.58E-01,-9.86E-02,-4.19E-01,-9.29E-02,-3.92E-01,6.12E-02,7.32E-02,-6.55E-03,7.54E-02,8.07E-03,4.14E-02,2.22E-02,4.92E-02,-7.75E-03,4.77E-02,1.14E-02,7.94E-03,3.03E-02,1.94E-02,-3.52E-03,2.12E-02,1.57E-02,-1.49E-02,3.61E-02,-5.59E-03,-2.34E-04,-5.53E-03,1.79E-02,-3.78E-02,3.92E-02
Specimen 23,ArBo002,Bonita,Nonsulfidic,Surface,40,0.123851641,1.602059991,0.737864833,93.99744572,92.72030651,121.8390805,79.43805875,150.8301405,65.77266922,175.4789272,44.44444444,189.9106003,33.58876117,187.6117497,37.03703704,182.7586207,43.29501916,200,20.56194125,182.247765,24.26564496,180.2043423,18.26309068,179.3103448,23.49936143,176.5006386,17.49680715,163.8569604,16.09195402,132.8224777,21.71136654,101.7879949,30.651341,72.28607918,40.4853129,83.52490421,68.45466156,171.00894,37.16475096,171.2643678,39.59131545,167.0498084,44.31673052,166.9220945,37.67560664,166.9220945,40.74074074,162.0689655,47.12643678,162.1966794,39.08045977,162.835249,42.01787995,158.8761175,49.29757344,157.3435504,40.74074074,157.9821201,43.550447,155.0446999,51.08556833,-3.68E-01,1.93E-01,-2.14E-01,1.56E-01,-5.41E-02,1.18E-01,9.23E-02,3.75E-02,1.76E-01,-1.55E-03,1.61E-01,1.33E-02,1.30E-01,3.95E-02,2.41E-01,-5.62E-02,1.48E-01,-5.65E-02,1.44E-01,-8.88E-02,1.34E-01,-6.35E-02,1.26E-01,-9.66E-02,6.43E-02,-1.17E-01,-9.74E-02,-1.22E-01,-2.63E-01,-1.10E-01,-4.21E-01,-9.27E-02,-3.95E-01,5.97E-02,7.76E-02,-3.80E-03,7.63E-02,8.67E-03,5.01E-02,2.79E-02,5.66E-02,-5.59E-03,5.33E-02,9.80E-03,2.21E-02,3.67E-02,3.13E-02,-3.58E-03,3.14E-02,1.18E-02,3.72E-03,4.41E-02,5.17E-03,-4.40E-04,5.37E-03,1.43E-02,-1.75E-02,4.90E-02
Specimen 26,ArBo005,Bonita,Nonsulfidic,Surface,42,0.193124598,1.62324929,0.604624658,98.46743295,115.1979566,128.0970626,98.46743295,156.449553,80.58748404,181.9923372,55.42784163,196.807152,42.52873563,195.146871,45.21072797,192.2094508,53.3844189,205.8748404,27.45849298,191.4431673,30.39591315,188.8888889,25.03192848,188.1226054,30.77905492,184.4189017,23.75478927,165.9003831,23.37164751,132.9501916,32.43933589,100.8939974,44.1890166,69.22094508,55.93869732,84.41890166,86.71775223,174.9680715,47.63729246,175.9897829,51.72413793,171.3920817,56.06641124,169.9872286,49.6807152,170.3703704,52.36270754,165.5172414,59.64240102,164.49553,50.95785441,165.5172414,54.27841635,160.7918263,61.68582375,158.4929757,52.23499361,160.1532567,56.449553,155.5555556,64.49553001,-3.56E-01,2.04E-01,-2.02E-01,1.65E-01,-5.27E-02,1.20E-01,9.30E-02,3.89E-02,1.75E-01,-6.51E-04,1.65E-01,9.33E-03,1.41E-01,4.23E-02,2.35E-01,-5.70E-02,1.66E-01,-6.17E-02,1.62E-01,-8.89E-02,1.51E-01,-6.41E-02,1.43E-01,-1.00E-01,6.06E-02,-1.25E-01,-9.85E-02,-1.25E-01,-2.57E-01,-1.12E-01,-4.13E-01,-9.85E-02,-3.83E-01,5.84E-02,7.12E-02,-4.77E-03,7.07E-02,1.48E-02,4.47E-02,2.86E-02,4.63E-02,-1.77E-03,4.47E-02,1.07E-02,1.39E-02,3.74E-02,2.01E-02,-2.83E-03,2.05E-02,1.33E-02,-9.85E-03,4.07E-02,-8.46E-03,-4.52E-03,-6.23E-03,1.64E-02,-3.68E-02,4.68E-02
Specimen 22,ArBo001,Bonita,Nonsulfidic,Surface,43,0.201397124,1.633468456,0.373674035,93.61430396,104.4699872,123.7547893,86.07918263,154.1507024,68.58237548,181.8646232,44.82758621,197.9565773,35.24904215,197.0625798,36.90932312,192.3371648,43.67816092,209.9616858,22.0945083,192.3371648,23.24393359,190.1660281,17.62452107,189.5274585,24.01021711,186.5900383,16.73052363,169.348659,15.45338442,135.1213282,22.86079183,101.0217114,32.82247765,68.19923372,43.80587484,81.6091954,76.24521073,174.201788,37.54789272,174.5849298,41.25159642,169.2209451,46.87100894,169.348659,38.82503193,170.2426564,41.63473819,165.6449553,48.65900383,164.6232439,40.10217114,165.3895275,43.29501916,161.0472542,50.70242656,159.1315453,41.76245211,159.7701149,44.95530013,156.3218391,53.25670498,-3.64E-01,2.09E-01,-2.09E-01,1.57E-01,-5.47E-02,1.09E-01,9.43E-02,3.06E-02,1.77E-01,3.84E-03,1.71E-01,1.04E-02,1.43E-01,3.61E-02,2.44E-01,-4.32E-02,1.63E-01,-5.59E-02,1.59E-01,-8.35E-02,1.50E-01,-5.54E-02,1.44E-01,-9.11E-02,6.79E-02,-1.14E-01,-9.38E-02,-1.16E-01,-2.57E-01,-1.06E-01,-4.16E-01,-9.01E-02,-3.89E-01,6.97E-02,6.72E-02,-1.00E-02,6.52E-02,7.07E-03,3.53E-02,2.69E-02,4.40E-02,-9.20E-03,4.52E-02,4.38E-03,1.73E-02,3.13E-02,2.14E-02,-8.26E-03,2.16E-02,6.90E-03,-5.51E-03,3.58E-02,-5.01E-03,-6.39E-03,-5.39E-03,8.65E-03,-2.94E-02,4.25E-02
Specimen 24,ArBo003,Bonita,Nonsulfidic,Surface,44,0.243038049,1.643452676,0.734385177,102.1711367,100.6385696,129.3742018,86.20689655,156.0664112,70.49808429,179.054917,47.63729246,192.8480204,37.4201788,191.954023,39.59131545,190.0383142,45.59386973,200.7662835,20.94508301,186.5900383,24.64878672,184.6743295,19.41251596,184.1634738,24.90421456,180.715198,18.64623244,165.7726692,17.36909323,133.9719029,22.22222222,104.5977011,31.54533844,74.45721584,39.97445722,89.14431673,72.15836526,169.7318008,42.27330779,170.4980843,46.23243934,164.2401022,51.08556833,164.2401022,43.03959132,164.6232439,46.87100894,160.4086845,53.25670498,159.2592593,44.82758621,160.1532567,48.27586207,156.0664112,55.68326948,154.0229885,46.23243934,154.916986,49.29757344,151.3409962,56.96040868,-3.38E-01,2.13E-01,-1.87E-01,1.72E-01,-3.72E-02,1.25E-01,1.02E-01,3.72E-02,1.82E-01,2.08E-03,1.75E-01,1.18E-02,1.59E-01,3.94E-02,2.40E-01,-7.06E-02,1.65E-01,-6.82E-02,1.62E-01,-9.63E-02,1.53E-01,-6.96E-02,1.43E-01,-1.05E-01,7.05E-02,-1.28E-01,-9.24E-02,-1.39E-01,-2.48E-01,-1.26E-01,-4.07E-01,-1.18E-01,-3.71E-01,5.77E-02,6.22E-02,1.59E-04,6.16E-02,2.06E-02,2.51E-02,3.76E-02,3.41E-02,-2.20E-03,3.17E-02,1.72E-02,3.66E-03,4.41E-02,7.44E-03,1.06E-03,8.00E-03,1.91E-02,-2.06E-02,5.12E-02,-2.01E-02,2.14E-03,-1.91E-02,1.83E-02,-4.54E-02,5.23E-02